Year,Country,CO2_Emissions,Avg_Temperature_C,Sea_Level_Rise_mm,Rainfall_mm,Population,Renewable_Energy_Pct,Extreme_Weather_Events,Forest_Area_Pct
2006.0,UK,9.3,8.9,3.1,1441.0,5.3091123E8,20.4,14.0,59.8
2019.0,USA,4.8,31.0,4.2,2407.0,1.07364344E8,49.2,8.0,31.0
2014.0,France,2.8,33.9,2.2,1241.0,4.41101758E8,33.3,9.0,35.5
2010.0,Argentina,1.8,5.9,3.2,1892.0,1.069669579E9,23.7,7.0,17.7
2007.0,Germany,5.6,26.9,2.4,1743.0,1.24079175E8,12.5,4.0,17.4
2020.0,China,1.4,32.3,2.7,2100.0,1.202028857E9,49.4,12.0,47.2
2006.0,Argentina,11.6,30.7,3.9,1755.0,5.86706107E8,41.9,10.0,50.5
2018.0,South Africa,6.0,33.9,4.5,827.0,8.394738E7,17.7,1.0,56.6
2022.0,UK,16.6,27.8,1.5,1966.0,9.80305187E8,8.2,4.0,43.4
2010.0,Australia,1.9,18.3,3.5,2599.0,8.49496137E8,7.5,5.0,48.7
2010.0,Indonesia,4.9,14.4,3.3,2466.0,1.345958932E9,10.4,13.0,10.8
2023.0,South Africa,14.7,14.6,1.5,875.0,1.311714067E9,31.1,14.0,19.7
2020.0,Brazil,12.2,26.7,1.8,762.0,1.106863791E9,46.8,0.0,69.1
2003.0,USA,1.8,27.4,2.2,766.0,7.98905927E8,27.4,10.0,14.6
2007.0,Germany,17.6,11.0,1.7,2906.0,1.179622755E9,42.9,3.0,50.7
2023.0,India,17.6,31.0,2.0,2444.0,3.65927452E8,25.1,8.0,20.6
2002.0,Russia,6.9,26.4,2.1,2393.0,2.971526E7,36.9,1.0,53.0
2021.0,France,7.1,21.9,2.3,2401.0,6.80925261E8,37.9,4.0,52.4
2020.0,China,19.8,19.1,4.0,2152.0,1.074542897E9,12.8,0.0,24.1
2001.0,Canada,12.7,21.3,3.3,1944.0,1.18964994E9,21.3,3.0,26.2
2023.0,France,10.9,9.8,4.9,545.0,1.311466901E9,33.7,3.0,49.3
2011.0,Mexico,16.8,11.1,2.7,1099.0,2.50843348E8,8.2,5.0,33.4
2005.0,India,6.1,7.7,4.0,1219.0,5.88745515E8,21.3,9.0,21.7
2001.0,Indonesia,8.9,9.6,4.5,2412.0,3.00442653E8,29.1,8.0,53.9
2020.0,Russia,5.7,18.6,3.7,1792.0,1.1186886E7,49.8,2.0,19.2
2000.0,India,15.9,20.9,2.6,1100.0,1.2374338E9,26.4,8.0,61.3
2011.0,Australia,11.7,5.5,4.0,880.0,9.66063065E8,41.7,5.0,40.9
2021.0,USA,13.3,28.9,1.8,617.0,1.019475941E9,24.4,6.0,16.3
2011.0,UK,5.4,13.8,2.3,2663.0,1.58680885E8,40.8,11.0,51.6
2016.0,China,4.8,32.4,3.2,759.0,1.358197397E9,31.8,9.0,41.1
2009.0,Japan,10.0,34.0,3.3,1598.0,1.76809981E8,44.9,1.0,27.9
2015.0,USA,14.9,10.6,1.1,2003.0,5.2552633E7,23.5,10.0,35.4
2014.0,Japan,10.7,18.9,4.8,2852.0,2.14294469E8,32.2,9.0,27.9
2014.0,South Africa,1.1,5.0,3.8,2554.0,2.2783816E8,33.4,13.0,25.8
2018.0,UK,17.4,22.9,3.0,865.0,5.31510898E8,23.8,5.0,19.8
2011.0,Russia,1.8,23.2,4.7,2157.0,1.034642225E9,11.5,5.0,31.8
2022.0,Germany,19.1,12.4,2.8,1961.0,2.72039781E8,9.2,1.0,25.1
2019.0,Canada,1.0,21.8,4.9,2524.0,1.395185778E9,5.8,1.0,51.0
2002.0,Brazil,14.0,11.8,3.0,2976.0,3.67803209E8,44.3,13.0,51.0
2004.0,Argentina,2.1,9.8,1.5,1290.0,7.42981303E8,15.6,1.0,40.1
2018.0,UK,18.3,24.5,4.1,1246.0,7.8354231E7,14.5,9.0,56.7
2006.0,USA,9.6,14.8,3.7,2914.0,7.72375173E8,38.1,11.0,60.5
2020.0,China,3.2,22.7,4.1,812.0,4.91426196E8,19.4,0.0,44.8
2008.0,Argentina,7.1,18.0,4.8,1037.0,1.209391736E9,27.8,4.0,47.1
2006.0,Mexico,3.7,34.5,4.1,1420.0,1.017231293E9,12.3,7.0,27.0
2017.0,Mexico,3.8,9.5,3.4,1577.0,1.216476753E9,48.2,1.0,63.7
2003.0,India,19.0,18.9,4.4,1990.0,3.22675191E8,43.3,12.0,11.5
2013.0,Argentina,9.2,25.4,3.7,2881.0,1.075399963E9,43.9,14.0,30.9
2017.0,China,15.9,16.9,2.6,1297.0,4.56955256E8,23.3,4.0,53.3
2008.0,Russia,13.0,34.2,4.5,847.0,1.031018863E9,39.3,11.0,14.8
2020.0,South Africa,13.7,26.7,1.9,772.0,4.91644777E8,11.5,7.0,21.0
2001.0,Japan,3.1,24.7,3.9,1219.0,8.38339418E8,5.4,9.0,45.4
2019.0,India,5.1,27.7,4.5,2273.0,1.097734281E9,5.9,13.0,43.6
2014.0,Mexico,15.8,33.6,3.9,1184.0,2.2094509E7,31.4,4.0,54.3
2006.0,Brazil,19.4,32.2,3.8,2626.0,1.155260147E9,25.5,1.0,58.8
2011.0,Brazil,5.6,26.7,4.0,1121.0,2.67058271E8,28.3,2.0,17.7
2007.0,USA,5.8,27.5,2.9,2539.0,3.30887513E8,5.3,14.0,11.1
2014.0,Russia,9.7,9.4,4.5,1446.0,5.13004938E8,24.0,5.0,51.4
2002.0,Germany,19.7,8.1,1.8,2905.0,1.254853974E9,37.3,10.0,28.1
2013.0,Mexico,5.7,22.1,1.5,1006.0,1.57599009E8,24.9,10.0,47.6
2016.0,Indonesia,8.4,5.6,2.1,2082.0,2.27533555E8,37.9,4.0,19.0
2003.0,Russia,17.9,19.5,3.1,743.0,5.07687964E8,15.5,10.0,38.1
2017.0,South Africa,0.6,11.3,3.0,1005.0,9.41922654E8,41.6,3.0,40.3
2007.0,Japan,1.3,15.4,4.3,921.0,1.94923647E8,31.5,3.0,45.1
2003.0,China,12.3,28.3,2.6,2764.0,2.0508775E8,14.5,4.0,40.8
2001.0,Argentina,18.2,33.2,2.9,2372.0,1.078565697E9,15.7,1.0,39.7
2005.0,Mexico,5.2,7.2,1.1,1692.0,1.128035409E9,33.3,8.0,30.0
2021.0,Argentina,9.7,21.0,2.6,829.0,4.32913646E8,42.3,1.0,14.3
2009.0,Brazil,9.3,31.5,3.6,1149.0,1.72465953E8,23.7,9.0,15.4
2003.0,China,9.7,7.5,1.1,1964.0,5.02277267E8,16.6,1.0,36.0
2021.0,China,12.6,29.7,2.1,890.0,3.34345649E8,44.0,9.0,31.3
2017.0,China,9.7,15.7,1.8,2019.0,3.05543477E8,35.1,13.0,41.0
2011.0,Brazil,9.2,14.7,1.2,880.0,6.61509073E8,25.2,8.0,28.3
2001.0,South Africa,9.7,34.3,2.9,1241.0,1.356204695E9,27.0,13.0,51.3
2009.0,Argentina,12.0,11.0,1.7,2510.0,5.04454279E8,14.2,2.0,61.8
2003.0,France,11.0,25.8,4.0,1319.0,4.58944956E8,33.2,14.0,27.9
2013.0,Argentina,17.2,29.6,4.4,1172.0,9.94673524E8,21.1,9.0,21.6
2015.0,Australia,1.5,6.2,3.2,2271.0,4.28326345E8,49.8,6.0,17.0
2014.0,Japan,16.7,25.1,4.9,1711.0,1.146020851E9,26.6,3.0,47.0
2007.0,Indonesia,17.0,33.5,2.8,1429.0,2.78626073E8,26.9,12.0,36.6
2013.0,France,6.1,8.7,3.1,2039.0,7.2414944E7,30.5,12.0,21.3
2022.0,Japan,9.5,31.9,5.0,1412.0,4.3389899E8,46.3,5.0,49.2
2007.0,India,9.1,22.8,1.9,1143.0,1.223349324E9,41.0,13.0,18.9
2020.0,Russia,4.8,23.5,4.8,926.0,8.63711591E8,25.3,3.0,43.3
2015.0,Russia,8.2,23.4,1.2,1001.0,7.4913944E7,37.3,9.0,41.6
2012.0,Canada,1.4,14.0,2.8,1229.0,1.225949571E9,31.4,14.0,54.1
2017.0,Russia,5.9,33.1,1.3,1783.0,5.62654674E8,27.2,6.0,13.3
2014.0,Argentina,16.4,33.4,3.9,2618.0,7.96318481E8,13.7,0.0,63.3
2020.0,Brazil,6.0,23.8,3.4,956.0,1.246729629E9,25.9,2.0,52.2
2023.0,Indonesia,16.5,28.5,3.8,2736.0,8.66280953E8,16.1,12.0,23.0
2012.0,Germany,10.9,23.4,2.5,790.0,1.10814191E9,46.2,2.0,21.0
2008.0,USA,17.7,19.5,2.5,1419.0,1.14006201E9,20.1,0.0,35.9
2014.0,Canada,11.7,24.8,1.2,2839.0,1.211830133E9,47.9,5.0,59.1
2012.0,UK,1.1,21.6,2.4,2469.0,7.30110223E8,29.0,14.0,60.6
2000.0,UK,13.7,22.9,4.7,1255.0,1.366969728E9,33.4,12.0,41.2
2006.0,USA,1.4,28.5,2.5,2158.0,4.11773643E8,29.4,10.0,61.6
2008.0,Japan,9.3,19.4,4.3,2334.0,2.42481524E8,10.8,13.0,10.3
2023.0,USA,18.6,6.2,4.4,1806.0,4.87618104E8,21.9,8.0,12.1
2000.0,USA,3.7,9.9,2.5,2067.0,7.39358801E8,9.5,7.0,64.7
2011.0,UK,8.1,18.2,3.5,2369.0,2.04257967E8,33.0,10.0,56.5
2007.0,Canada,14.7,26.7,1.4,876.0,4.75005508E8,25.1,6.0,37.0
2023.0,India,17.7,22.8,1.4,1679.0,7.07948505E8,40.0,9.0,55.2
2010.0,Argentina,13.6,24.5,1.2,1007.0,2.00316893E8,14.9,7.0,67.3
2018.0,China,5.5,19.4,3.3,1936.0,2.75361525E8,12.4,5.0,56.3
2016.0,Russia,13.7,23.5,2.7,1058.0,1.073643084E9,23.3,8.0,60.5
2007.0,Russia,6.3,14.9,3.2,2807.0,1.364174738E9,46.7,2.0,55.6
2002.0,Brazil,14.5,19.1,3.1,920.0,9.47263298E8,37.0,14.0,20.1
2002.0,Canada,19.1,27.3,2.4,2052.0,6.6735271E7,23.9,9.0,60.0
2000.0,Brazil,14.6,31.2,3.7,803.0,2.55339962E8,28.3,9.0,21.7
2004.0,Germany,17.3,18.0,4.0,1441.0,4.40663289E8,8.8,8.0,63.6
2009.0,Germany,0.5,6.3,1.1,1801.0,6.4317241E7,49.3,3.0,37.5
2006.0,Brazil,14.5,9.9,1.8,1589.0,1.082347326E9,35.0,6.0,50.6
2008.0,Canada,16.7,5.6,3.9,2655.0,4.28691595E8,17.8,14.0,39.8
2006.0,Brazil,1.3,24.6,2.5,2815.0,6.9840394E7,31.4,12.0,15.6
2008.0,Russia,17.5,15.0,3.6,2769.0,1.046546091E9,9.9,8.0,27.4
2007.0,France,5.5,21.3,2.4,2327.0,1.41991057E8,48.5,1.0,69.0
2011.0,Australia,13.5,19.8,2.6,2053.0,4.44296725E8,12.9,1.0,67.6
2001.0,UK,16.1,7.4,1.6,1192.0,8.38168075E8,34.2,8.0,29.2
2000.0,UK,13.4,17.1,2.0,754.0,3.43373633E8,16.0,11.0,69.8
2015.0,Indonesia,2.3,11.6,3.4,1978.0,4.6316734E7,37.3,12.0,60.7
2022.0,USA,12.1,17.6,2.7,2800.0,7.8746986E8,40.0,2.0,46.7
2022.0,Australia,11.2,11.1,4.1,756.0,3.25979799E8,35.3,8.0,12.4
2023.0,Argentina,18.1,30.2,4.4,2930.0,5.42661199E8,32.7,12.0,64.1
2004.0,Canada,8.4,10.2,3.2,941.0,1.52248022E8,45.2,14.0,43.4
2002.0,South Africa,6.8,33.8,4.0,2381.0,3.51991271E8,8.5,4.0,62.1
2011.0,Australia,15.1,17.5,2.2,1613.0,1.058333501E9,19.9,5.0,60.1
2007.0,Indonesia,8.5,30.4,2.7,2937.0,1.144952571E9,16.2,1.0,60.0
2021.0,Germany,13.1,23.9,3.9,1081.0,1.298244488E9,49.5,7.0,51.9
2002.0,Japan,13.1,27.1,2.5,2235.0,6.90744654E8,22.5,10.0,27.5
2000.0,USA,17.8,28.0,3.4,518.0,1.61376204E8,38.0,8.0,30.2
2002.0,Indonesia,12.2,20.1,1.7,1624.0,6.3958842E8,35.8,1.0,28.5
2004.0,China,10.3,21.3,3.4,1880.0,8.25442314E8,14.5,5.0,11.2
2014.0,South Africa,3.2,20.4,4.4,2065.0,9.42604659E8,15.8,5.0,45.0
2013.0,Canada,2.8,22.6,4.5,2580.0,5.31451276E8,17.7,7.0,51.9
2002.0,USA,3.5,5.9,3.9,2493.0,1.167300328E9,23.5,9.0,61.2
2000.0,Argentina,3.9,16.9,4.0,2047.0,5.64877556E8,15.5,11.0,18.4
2004.0,Australia,12.9,23.2,3.2,1361.0,1.359133613E9,5.9,4.0,42.7
2022.0,Germany,14.9,22.9,3.3,654.0,1.331115761E9,44.6,8.0,10.5
2013.0,India,10.8,28.8,1.5,1404.0,8.67702697E8,48.5,0.0,15.7
2006.0,France,16.7,24.7,2.8,1769.0,7.30089798E8,20.4,8.0,13.3
2008.0,China,19.8,34.8,2.8,904.0,1.119409767E9,20.2,9.0,53.5
2014.0,South Africa,16.5,13.5,4.8,1343.0,7.58625247E8,5.3,6.0,14.9
2014.0,France,14.1,15.8,2.7,2282.0,1.280929698E9,35.6,3.0,53.0
2009.0,USA,10.9,16.5,3.2,2064.0,1.29364051E9,42.1,2.0,25.0
2012.0,Germany,9.3,19.0,3.1,1684.0,5.39924174E8,11.6,13.0,62.7
2018.0,Germany,2.1,30.1,3.5,1246.0,7.91466287E8,12.2,9.0,58.8
2006.0,Indonesia,8.3,12.1,4.0,2225.0,6.66108195E8,40.6,14.0,67.5
2016.0,UK,18.2,28.3,1.9,770.0,1.102449044E9,32.7,10.0,63.0
2019.0,UK,16.3,17.2,3.1,1269.0,8.98807235E8,7.0,13.0,66.0
2003.0,Australia,4.7,23.1,4.3,2215.0,9.7075873E8,33.0,5.0,61.5
2004.0,Indonesia,9.6,24.0,2.9,2010.0,8.41932971E8,18.9,11.0,51.6
2022.0,Russia,16.4,16.2,2.1,671.0,5.01887577E8,21.6,12.0,20.2
2006.0,Australia,1.8,20.4,3.6,773.0,1.74232548E8,39.6,0.0,26.3
2012.0,Russia,8.1,17.4,4.3,2806.0,1.085609772E9,41.5,2.0,22.8
2014.0,UK,17.1,7.1,1.3,1658.0,6.36476204E8,23.0,1.0,46.2
2010.0,Indonesia,8.4,18.1,4.1,2206.0,8.99066343E8,47.6,10.0,40.2
2003.0,Russia,2.0,7.9,4.3,2271.0,8.8578766E8,23.3,12.0,62.0
2012.0,China,11.1,17.2,2.8,921.0,5.60862422E8,39.7,8.0,67.2
2006.0,Indonesia,17.3,22.8,4.9,1944.0,8.75175631E8,26.8,2.0,34.3
2018.0,UK,12.0,22.4,4.1,1709.0,1.156608764E9,45.4,12.0,40.4
2021.0,Australia,4.9,24.9,4.1,2911.0,2.81959311E8,45.8,1.0,68.3
2001.0,Mexico,8.0,7.9,4.0,2925.0,1.326300382E9,8.9,3.0,26.6
2009.0,Indonesia,9.3,24.6,1.6,1079.0,9.1233652E7,47.1,14.0,57.5
2012.0,India,11.8,14.4,1.9,1390.0,1.366390185E9,42.1,13.0,23.5
2020.0,South Africa,15.3,17.0,2.9,1221.0,1.48881368E8,40.6,1.0,50.9
2005.0,UK,2.4,30.7,2.1,1380.0,3.8697835E7,14.0,0.0,25.2
2011.0,Brazil,17.8,5.3,2.7,1621.0,1.361023908E9,41.2,5.0,63.0
2011.0,Brazil,0.7,22.7,4.6,2507.0,1.297261375E9,43.3,14.0,43.7
2019.0,Australia,7.7,23.0,4.3,2569.0,1.61618848E8,18.0,9.0,21.2
2010.0,Australia,1.0,16.9,3.5,1973.0,3.73401883E8,47.9,7.0,23.5
2022.0,France,8.2,12.1,4.4,882.0,2.4043592E7,7.2,9.0,39.6
2006.0,South Africa,10.8,12.0,4.1,2681.0,1.65768267E8,11.7,9.0,67.7
2000.0,South Africa,10.5,31.5,2.7,1949.0,5.78915635E8,29.2,1.0,56.2
2000.0,China,3.7,18.3,1.8,2090.0,5.21491291E8,30.9,13.0,39.3
2019.0,Australia,13.1,14.9,3.1,2286.0,5.1960285E8,34.0,8.0,30.3
2012.0,South Africa,1.4,18.5,3.9,643.0,5.75218436E8,5.8,14.0,43.0
2008.0,Argentina,15.4,25.1,2.7,2386.0,8.03864353E8,48.2,12.0,54.9
2002.0,France,19.0,9.4,3.7,2202.0,1.080854924E9,7.0,2.0,57.0
2006.0,Russia,7.1,18.5,1.4,1935.0,7.59565231E8,11.4,7.0,29.5
2005.0,Germany,10.6,22.6,4.0,723.0,1.345594489E9,5.6,11.0,53.3
2007.0,Germany,7.9,33.5,4.3,719.0,4.2718785E8,30.5,7.0,49.5
2008.0,Russia,0.6,12.6,3.8,678.0,1.184550275E9,47.0,14.0,67.5
2004.0,Canada,8.0,15.8,4.9,2154.0,5.52912628E8,35.0,2.0,65.9
2000.0,UK,15.9,16.4,4.3,932.0,9.25086342E8,42.0,2.0,57.4
2018.0,France,12.1,23.2,4.6,764.0,8.63465591E8,5.6,11.0,53.4
2009.0,Argentina,2.5,15.7,4.7,1453.0,5.4847044E8,29.4,14.0,26.4
2011.0,South Africa,17.0,21.0,4.2,928.0,1.140524807E9,25.7,5.0,60.8
2023.0,Mexico,10.9,28.5,3.7,2963.0,8.80619657E8,27.5,0.0,35.7
2014.0,France,16.9,26.2,1.0,2744.0,1.40376298E8,8.2,3.0,26.3
2021.0,Indonesia,11.8,18.4,2.9,2077.0,1.280891832E9,35.8,0.0,33.0
2023.0,Russia,11.4,30.9,3.3,979.0,1.012843726E9,27.6,13.0,60.2
2008.0,Argentina,2.6,21.7,2.2,1853.0,1.025547493E9,39.4,2.0,18.9
2019.0,India,3.8,21.2,2.3,1389.0,1.333758926E9,26.8,8.0,37.4
2016.0,Japan,19.5,6.0,4.8,1424.0,2.74995524E8,11.7,13.0,39.5
2016.0,USA,5.0,34.6,4.6,2670.0,1.041486581E9,34.2,13.0,12.2
2019.0,UK,19.6,8.7,4.4,2402.0,1.215468402E9,12.8,4.0,21.7
2011.0,Russia,10.9,11.9,2.6,1910.0,8.74974281E8,44.3,11.0,59.6
2006.0,Mexico,3.1,6.6,1.1,1862.0,1.308776395E9,32.6,4.0,59.8
2001.0,South Africa,2.4,24.2,1.3,1277.0,6.14224337E8,12.1,10.0,27.5
2002.0,Mexico,4.6,11.7,2.2,2895.0,2.02831247E8,48.3,3.0,62.5
2016.0,Mexico,18.5,10.4,1.1,528.0,9.35911975E8,28.3,2.0,56.3
2004.0,Australia,8.6,7.7,1.1,534.0,1.027559585E9,8.3,4.0,35.1
2016.0,Australia,8.2,8.1,4.7,1919.0,1.297393635E9,33.2,14.0,54.9
2023.0,China,6.6,22.5,3.8,1088.0,5.54504868E8,16.4,13.0,67.7
2016.0,Russia,3.4,25.6,2.2,1403.0,6.03930696E8,41.2,10.0,37.5
2016.0,China,10.0,16.9,1.5,2669.0,7.76918225E8,41.8,3.0,24.3
2001.0,Russia,3.0,19.4,3.0,839.0,1.03552561E9,49.1,7.0,66.5
2001.0,UK,16.8,25.6,1.0,674.0,1.83851069E8,27.6,3.0,46.2
2021.0,France,7.7,5.5,4.8,2423.0,9.40617342E8,25.5,10.0,16.3
2022.0,USA,7.8,14.7,2.7,2214.0,6.60650168E8,38.9,11.0,44.4
2004.0,Mexico,9.7,34.2,2.6,1096.0,1.177772833E9,11.0,7.0,40.0
2000.0,UK,9.2,22.4,2.6,950.0,1.101337256E9,29.6,5.0,61.3
2000.0,France,19.9,12.6,1.3,1056.0,4.00673293E8,29.6,14.0,41.8
2018.0,Japan,11.1,20.7,3.6,1659.0,4.65764328E8,9.0,13.0,25.3
2001.0,Germany,2.2,15.3,3.9,1856.0,5.73710142E8,23.8,11.0,50.5
2020.0,Brazil,12.3,21.0,3.7,2556.0,1.042719729E9,43.4,10.0,42.6
2011.0,Indonesia,3.5,8.8,1.6,2881.0,1.041970958E9,43.5,4.0,24.0
2005.0,Argentina,1.1,9.0,3.3,1516.0,1.253813851E9,9.5,3.0,44.4
2022.0,Russia,19.4,9.3,3.3,2874.0,9.81675241E8,9.1,3.0,59.3
2003.0,Japan,15.6,33.2,4.5,2562.0,2.52075147E8,16.8,11.0,11.7
2022.0,Germany,19.6,27.0,2.5,1338.0,9.90503091E8,44.4,3.0,47.9
2010.0,South Africa,9.8,9.9,2.5,2137.0,1.289186948E9,10.8,10.0,31.0
2023.0,Canada,10.9,10.7,3.5,725.0,1.243293089E9,37.4,12.0,27.6
2016.0,USA,3.8,26.9,3.5,2313.0,7.22640614E8,9.6,12.0,33.6
2005.0,Argentina,5.3,9.7,2.9,2660.0,7.04269727E8,33.0,8.0,30.5
2023.0,China,16.9,12.0,2.8,2520.0,5.08830032E8,21.0,3.0,59.9
2004.0,China,7.4,33.9,3.0,1951.0,2.4749609E8,40.5,11.0,26.5
2019.0,France,16.6,12.7,4.4,2548.0,3.5880189E8,15.5,8.0,54.0
2001.0,Argentina,14.3,24.8,2.8,2813.0,3.32640493E8,33.8,12.0,15.6
2005.0,Australia,4.0,34.4,4.8,2014.0,7.48486965E8,15.6,9.0,67.1
2021.0,Germany,10.4,16.2,3.0,1731.0,6.52730854E8,37.1,5.0,47.3
2010.0,Canada,13.7,5.5,4.8,2145.0,7.2556185E7,44.3,9.0,52.4
2015.0,Japan,5.1,12.3,4.3,2235.0,4.21082224E8,10.7,12.0,27.9
2015.0,USA,16.7,29.9,2.4,805.0,7.08549477E8,44.0,6.0,34.7
2000.0,UK,11.1,30.9,4.5,2559.0,1.27085103E9,31.7,11.0,23.4
2008.0,Germany,3.7,28.1,1.4,2223.0,3.33786819E8,10.7,9.0,66.0
2005.0,Canada,11.9,8.4,4.7,2189.0,8.64707568E8,24.2,2.0,39.3
2015.0,Brazil,20.0,28.9,3.5,2017.0,1.213528698E9,12.2,7.0,47.8
2002.0,Russia,3.4,32.6,1.2,1891.0,3.67347075E8,36.5,2.0,54.1
2019.0,UK,16.4,23.0,3.6,919.0,2.0916998E7,39.1,0.0,32.3
2003.0,China,4.5,33.2,4.9,2718.0,1.10228559E9,9.8,12.0,53.2
2018.0,UK,15.8,29.8,1.3,633.0,3.2581057E7,27.8,12.0,50.6
2002.0,Japan,14.8,25.0,3.2,2530.0,8.24431639E8,41.7,9.0,52.3
2018.0,China,6.4,22.3,4.0,1950.0,5.63892519E8,47.1,11.0,39.4
2019.0,Japan,6.9,15.5,4.2,2053.0,6.93961526E8,28.1,4.0,33.0
2006.0,France,16.0,9.8,2.7,1664.0,1.278299069E9,47.8,1.0,23.3
2019.0,Australia,9.5,23.1,1.8,2369.0,1.65930526E8,29.1,9.0,59.5
2008.0,Japan,14.8,14.5,1.2,2319.0,3.5139374E7,22.7,13.0,46.5
2000.0,China,3.4,31.0,3.3,1842.0,1.076162478E9,43.2,5.0,36.7
2007.0,France,17.1,34.8,2.8,1964.0,1.335512175E9,27.2,12.0,66.6
2006.0,Japan,14.4,27.6,4.8,2726.0,6.3232362E7,26.2,9.0,12.9
2017.0,Brazil,18.2,7.7,1.2,1579.0,9355425.0,27.1,8.0,61.0
2007.0,UK,3.1,13.7,3.7,1678.0,9.34132667E8,43.1,0.0,69.9
2000.0,Australia,12.1,8.3,1.1,2195.0,3.53488527E8,42.4,13.0,63.2
2010.0,Japan,12.2,24.5,1.7,610.0,1.562862E8,23.2,12.0,58.6
2017.0,France,7.4,28.0,2.8,2684.0,1.280061358E9,20.0,3.0,32.5
2022.0,South Africa,9.4,32.8,2.8,2779.0,9.345659E8,27.1,14.0,23.9
2009.0,Germany,1.2,18.1,3.7,967.0,1.267782685E9,30.8,0.0,54.1
2002.0,India,15.0,32.0,4.6,1313.0,1.104495874E9,15.7,0.0,28.3
2006.0,Canada,11.2,31.3,3.6,1772.0,8.47822613E8,40.7,7.0,20.6
2015.0,India,1.6,14.5,4.8,1493.0,8.13268912E8,26.9,13.0,57.2
2015.0,South Africa,13.8,31.1,4.5,2531.0,3.58440341E8,20.0,13.0,28.8
2019.0,India,9.6,16.3,3.3,822.0,2.96295792E8,9.8,12.0,64.9
2016.0,South Africa,1.2,13.9,4.3,1403.0,4.78389387E8,15.7,13.0,60.4
2001.0,USA,19.4,24.5,3.6,2041.0,2.14534006E8,47.7,10.0,60.9
2000.0,South Africa,19.0,14.9,1.3,2499.0,1.3163522E8,18.7,14.0,56.3
2015.0,South Africa,10.5,23.9,4.0,2315.0,9.75428867E8,12.6,1.0,62.9
2011.0,Mexico,2.3,23.3,1.4,2976.0,8.77150174E8,25.7,0.0,58.3
2004.0,South Africa,15.2,21.9,3.4,647.0,9.48953337E8,18.8,10.0,46.2
2004.0,Brazil,10.1,16.4,3.8,1641.0,6.81529141E8,6.6,7.0,27.7
2022.0,Germany,6.4,21.5,1.3,1349.0,2.4877106E8,19.5,3.0,63.3
2008.0,Russia,10.1,22.9,1.9,866.0,2.68168851E8,29.5,2.0,60.4
2008.0,Japan,10.7,21.4,4.7,1589.0,2.35549454E8,29.8,12.0,38.4
2002.0,Canada,11.5,18.3,3.5,2538.0,1.386998486E9,21.0,11.0,12.3
2018.0,Australia,9.1,5.4,2.0,674.0,1.338375247E9,25.1,3.0,48.3
2015.0,Germany,12.3,22.6,3.8,2354.0,5.5182052E7,48.4,13.0,13.0
2015.0,China,18.4,10.1,3.4,1087.0,1.250306574E9,22.0,10.0,65.6
2002.0,Russia,7.6,24.3,3.0,994.0,1.2811984E7,16.6,4.0,67.7
2019.0,USA,14.7,27.8,4.9,1637.0,6.48823762E8,16.0,0.0,21.4
2023.0,USA,17.9,20.0,3.7,2284.0,1.310548957E9,25.6,14.0,50.6
2021.0,Indonesia,9.4,21.3,2.5,1670.0,4.95198828E8,39.2,13.0,15.5
2023.0,UK,9.1,33.5,4.2,534.0,8.28538833E8,14.3,10.0,53.8
2000.0,South Africa,12.2,30.4,4.5,1498.0,7.55505933E8,36.9,0.0,30.8
2023.0,Germany,12.0,32.4,1.5,1832.0,5.55356797E8,6.0,2.0,50.9
2019.0,France,16.2,29.4,1.8,1537.0,5.7650147E7,23.9,5.0,32.4
2010.0,Mexico,9.8,8.3,1.9,873.0,1.280296355E9,39.9,0.0,18.7
2016.0,India,19.9,9.5,3.8,1951.0,9.26054419E8,20.2,13.0,34.4
2007.0,China,1.7,20.8,3.4,2251.0,1.203797363E9,30.4,10.0,16.8
2003.0,USA,0.6,12.4,3.5,2780.0,8.66033515E8,14.2,11.0,44.6
2005.0,Canada,13.0,19.3,4.8,1204.0,9.78026054E8,38.4,14.0,12.5
2007.0,USA,6.3,16.8,4.1,1062.0,4.1988408E7,7.4,1.0,41.6
2019.0,Australia,5.2,21.5,1.5,2373.0,7.14759147E8,43.4,14.0,63.2
2002.0,Japan,6.6,27.4,2.4,2623.0,3.24417204E8,13.9,11.0,60.3
2015.0,USA,5.5,26.5,2.7,938.0,1.377728769E9,44.3,13.0,63.0
2002.0,Australia,1.1,20.6,2.6,2383.0,3.1674998E7,20.9,6.0,65.3
2017.0,Germany,19.4,29.7,3.7,2479.0,7.7050318E8,37.5,13.0,16.3
2013.0,Germany,4.8,17.9,4.6,1198.0,2.26407206E8,19.4,13.0,17.7
2017.0,Mexico,14.8,31.9,2.2,1812.0,1.095137353E9,45.8,0.0,43.4
2001.0,UK,15.4,7.1,3.2,2063.0,9.01531557E8,10.7,12.0,63.6
2021.0,Indonesia,18.6,33.6,4.2,1191.0,8.84111039E8,13.0,13.0,68.5
2002.0,Russia,1.1,24.6,2.7,2800.0,2.1650149E8,27.2,14.0,12.8
2015.0,USA,17.5,16.4,1.7,1700.0,9.3560788E7,8.7,6.0,31.3
2008.0,Canada,10.8,10.9,2.9,2957.0,4.16299975E8,13.8,14.0,22.8
2003.0,USA,12.8,19.4,1.2,2134.0,5.36356608E8,47.5,3.0,55.4
2000.0,Indonesia,13.1,10.8,4.8,2133.0,9.47854491E8,48.9,9.0,48.4
2003.0,Argentina,16.5,10.0,1.3,626.0,1.211429158E9,21.9,13.0,17.2
2000.0,Canada,7.0,23.5,2.8,2006.0,5.84732301E8,46.5,5.0,39.0
2013.0,Brazil,14.8,20.7,3.1,1691.0,7.92568468E8,29.5,13.0,51.1
2020.0,South Africa,10.8,25.1,4.9,793.0,1.142896221E9,17.1,7.0,56.7
2015.0,Russia,16.0,32.9,1.7,1866.0,1.70058004E8,36.6,8.0,11.2
2019.0,Brazil,19.8,21.0,1.5,1519.0,3.41217904E8,34.7,5.0,63.4
2023.0,Argentina,4.4,22.4,1.0,2857.0,9.483092E7,49.5,11.0,44.2
2007.0,Argentina,19.9,7.7,1.6,918.0,2.03114192E8,16.9,10.0,58.7
2006.0,Indonesia,2.3,26.5,1.8,943.0,1.179906692E9,35.2,12.0,58.5
2002.0,USA,0.5,17.0,3.5,1184.0,8.4528761E7,7.3,14.0,21.4
2016.0,Indonesia,1.4,34.3,1.9,2783.0,5.78387192E8,10.1,13.0,16.6
2000.0,Indonesia,7.2,29.7,1.1,1962.0,8.11864189E8,5.2,8.0,53.3
2015.0,Argentina,12.8,20.7,4.3,2761.0,4.55823356E8,50.0,3.0,19.4
2011.0,Russia,1.8,8.7,2.5,584.0,1.17422206E8,41.1,5.0,61.0
2018.0,Brazil,0.6,30.8,2.4,2267.0,1.247636178E9,40.4,7.0,53.6
2021.0,India,18.8,29.0,2.2,584.0,1.218629667E9,27.9,8.0,60.5
2022.0,USA,16.5,10.5,4.9,2444.0,2.67009905E8,18.5,2.0,27.9
2021.0,Argentina,16.3,13.9,1.7,2612.0,4.6153952E7,11.8,1.0,29.0
2013.0,Brazil,17.7,28.8,4.6,2169.0,4.8175534E8,17.8,5.0,50.3
2005.0,UK,14.2,10.6,4.1,1162.0,1.125808525E9,21.9,3.0,11.9
2005.0,India,2.5,32.5,1.3,1126.0,4.71324215E8,39.0,0.0,53.6
2012.0,India,8.3,17.7,4.9,563.0,2.94913021E8,29.3,7.0,60.1
2018.0,Germany,14.6,7.6,2.1,1418.0,1.255100522E9,8.5,8.0,34.9
2021.0,Mexico,6.0,29.5,1.4,1875.0,1.53653744E8,5.8,13.0,55.9
2007.0,USA,13.9,16.2,4.3,1681.0,1.078493355E9,9.6,8.0,20.5
2001.0,India,1.0,20.8,3.8,2112.0,4.2474142E7,23.5,1.0,29.3
2020.0,Argentina,6.5,8.4,3.5,990.0,1.225881222E9,47.0,8.0,68.5
2000.0,Germany,11.2,5.1,1.6,2378.0,4.9522082E8,33.7,6.0,69.2
2014.0,Brazil,12.8,24.1,2.9,2440.0,2.46829711E8,41.1,4.0,40.8
2000.0,UK,11.8,20.5,4.1,812.0,3.9478806E7,26.0,6.0,66.1
2004.0,Australia,14.1,22.8,2.2,1418.0,2.17927603E8,21.3,12.0,41.4
2015.0,USA,0.6,28.8,2.2,2382.0,2.04172325E8,9.9,8.0,27.5
2018.0,Russia,2.5,24.4,1.0,1312.0,1.197982965E9,44.4,7.0,26.0
2003.0,Indonesia,17.4,10.2,1.7,1989.0,1.12937786E9,40.2,5.0,65.8
2002.0,Canada,13.8,15.8,4.5,1826.0,6.14382775E8,12.6,12.0,20.3
2016.0,Canada,2.7,32.2,2.8,1179.0,3.43865425E8,28.1,3.0,44.8
2016.0,Brazil,16.9,28.1,4.9,934.0,1.393981934E9,26.9,12.0,43.3
2011.0,France,5.2,21.7,2.6,1181.0,1.214544133E9,33.1,14.0,54.4
2013.0,France,9.8,12.7,3.9,1658.0,1.199331484E9,47.6,0.0,40.0
2020.0,Brazil,3.3,14.1,2.1,1573.0,1.39104725E9,31.1,5.0,26.3
2005.0,Argentina,14.3,27.0,2.5,1955.0,8.98654624E8,29.3,2.0,20.2
2002.0,India,13.5,30.5,1.8,2887.0,3.77355052E8,7.3,5.0,47.2
2008.0,Mexico,4.6,25.1,2.4,2894.0,2.37078466E8,7.8,5.0,53.1
2004.0,USA,17.3,29.3,3.2,1870.0,1.377931241E9,13.4,13.0,44.2
2023.0,Canada,8.3,28.0,5.0,1148.0,3.38334548E8,6.5,3.0,54.3
2016.0,Canada,6.2,9.5,3.7,744.0,3.55644712E8,38.5,1.0,18.5
2013.0,Mexico,3.5,17.7,1.8,2656.0,6.6466189E8,37.5,14.0,62.9
2020.0,India,5.7,9.6,1.2,795.0,9.8884988E8,11.1,8.0,44.9
2002.0,Canada,0.9,12.1,1.5,2659.0,4.5925925E7,42.6,1.0,17.6
2000.0,Indonesia,11.9,31.1,3.3,2112.0,2.7545246E8,12.0,2.0,37.7
2019.0,Russia,16.9,19.2,4.1,2890.0,1.11250495E9,18.6,9.0,60.7
2020.0,USA,11.2,21.1,4.8,2648.0,3.20264723E8,16.2,0.0,63.9
2022.0,Japan,4.8,10.4,1.1,2127.0,1.360173043E9,21.8,6.0,25.9
2000.0,Canada,1.2,14.4,3.1,527.0,4.96479467E8,16.5,14.0,52.7
2002.0,Brazil,4.7,11.9,2.9,2485.0,3.74520492E8,27.0,0.0,16.0
2017.0,Russia,8.6,11.2,3.6,2060.0,1.30331906E9,23.3,10.0,12.0
2009.0,Canada,15.3,24.1,3.2,557.0,9.15322799E8,49.4,8.0,43.6
2021.0,South Africa,4.2,12.7,3.7,2021.0,1.11215506E9,7.5,10.0,51.7
2002.0,UK,14.5,24.0,3.6,796.0,3.0531534E8,11.4,10.0,57.7
2007.0,Indonesia,17.4,6.8,1.5,2681.0,1.26450356E9,7.4,0.0,30.4
2013.0,Russia,9.4,9.3,4.2,2796.0,2.7559312E7,33.2,4.0,10.4
2023.0,Germany,16.5,13.2,1.5,1401.0,5.38799164E8,7.5,6.0,38.8
2017.0,Japan,11.3,22.9,3.8,2464.0,1.335375745E9,42.6,2.0,11.0
2014.0,UK,12.9,25.3,2.7,1598.0,7.72826167E8,28.0,8.0,15.5
2021.0,China,10.8,18.3,3.1,2177.0,3.9324103E8,28.7,7.0,29.6
2022.0,Brazil,9.5,18.4,4.6,1691.0,3.02427829E8,30.3,12.0,36.2
2001.0,Brazil,5.1,26.7,4.6,1270.0,6.94412542E8,12.7,14.0,26.8
2009.0,USA,6.4,5.5,4.3,2026.0,4.74288233E8,13.9,2.0,44.9
2001.0,Mexico,6.2,15.2,3.0,1878.0,1.62233683E8,19.3,14.0,13.3
2016.0,UK,11.5,29.6,3.9,1748.0,1.238813576E9,31.7,4.0,18.7
2007.0,Russia,2.8,23.1,3.1,2054.0,6.1974096E7,14.5,6.0,51.7
2000.0,India,18.4,15.1,4.5,645.0,1.04256346E8,10.2,11.0,18.5
2008.0,Brazil,14.6,32.2,2.6,2483.0,1.107521006E9,48.7,13.0,48.4
2010.0,Russia,8.3,28.2,4.9,1764.0,1.47628865E8,6.0,3.0,13.3
2021.0,Argentina,3.6,12.9,4.7,2407.0,8.09907325E8,41.1,4.0,34.4
2015.0,Russia,17.7,24.4,4.0,2891.0,8.29537443E8,40.5,2.0,20.6
2006.0,Argentina,16.6,22.9,2.1,2272.0,1.069151826E9,18.4,8.0,16.6
2009.0,South Africa,14.6,17.0,1.5,1558.0,1.002416208E9,11.1,9.0,44.0
2022.0,Australia,5.8,16.0,4.4,2548.0,9.16438404E8,11.6,8.0,65.7
2002.0,Australia,8.3,15.3,1.7,2519.0,1.235851188E9,36.4,6.0,13.3
2017.0,China,2.5,23.5,4.4,652.0,1.65154106E8,33.9,9.0,35.3
2023.0,Germany,4.2,18.3,3.0,2976.0,1.017684486E9,40.2,1.0,52.5
2012.0,China,15.8,30.0,2.6,1007.0,1.44123536E8,47.2,6.0,37.8
2006.0,Argentina,14.4,25.1,4.6,990.0,4.17520615E8,36.1,6.0,58.4
2003.0,UK,12.1,7.1,3.4,844.0,7.27544812E8,12.0,10.0,20.8
2012.0,Canada,18.0,24.2,3.3,2435.0,2.40259011E8,16.0,4.0,67.6
2019.0,India,11.9,13.1,3.2,2261.0,5.56011992E8,42.9,8.0,33.1
2000.0,Canada,9.6,22.8,2.5,720.0,2.48996061E8,14.4,12.0,30.5
2007.0,France,7.1,25.4,4.1,2438.0,4.44435735E8,8.3,11.0,62.5
2013.0,Canada,18.8,11.9,2.0,2442.0,2.5461846E8,36.6,10.0,43.8
2015.0,USA,2.1,18.7,4.8,1222.0,9.77078792E8,23.1,2.0,41.0
2013.0,Canada,18.7,10.7,4.6,1027.0,1.167788803E9,46.4,3.0,53.6
2011.0,China,16.6,6.6,2.3,2022.0,1.8906405E8,34.3,0.0,44.8
2018.0,Brazil,3.0,16.4,3.9,2164.0,4.46630103E8,9.1,5.0,19.8
2022.0,Indonesia,11.5,15.9,3.3,980.0,8.38390349E8,47.7,3.0,50.5
2014.0,Brazil,17.4,34.9,2.4,2371.0,1.269827972E9,16.6,0.0,18.0
2001.0,Australia,11.7,18.4,5.0,1962.0,6.6141905E7,20.2,1.0,58.4
2001.0,Indonesia,18.2,15.0,1.1,1925.0,3.89949929E8,23.1,14.0,69.4
2022.0,Mexico,18.9,22.4,2.0,844.0,7.22568466E8,7.3,2.0,32.6
2021.0,India,8.7,7.7,3.1,544.0,4.79208779E8,27.3,8.0,36.7
2018.0,India,7.9,33.8,3.1,2568.0,5.73634321E8,10.5,12.0,12.8
2021.0,USA,18.8,24.0,3.4,2157.0,1.169884055E9,23.0,7.0,10.8
2021.0,UK,13.7,27.6,4.0,2387.0,1.363325194E9,20.8,6.0,65.3
2016.0,China,2.8,10.1,3.5,2595.0,7.33130914E8,39.8,12.0,17.7
2019.0,Australia,1.3,17.3,3.4,2014.0,5.9676502E7,41.1,14.0,36.7
2009.0,South Africa,11.5,17.7,1.2,2834.0,1.25314911E8,11.9,10.0,58.9
2005.0,France,18.6,29.7,2.5,1501.0,1.030270792E9,21.5,11.0,63.4
2014.0,UK,17.0,5.0,1.9,1533.0,1.21123515E9,21.8,13.0,41.2
2021.0,India,13.7,14.0,2.1,2540.0,1.40110299E8,11.8,3.0,43.9
2010.0,Brazil,3.2,34.4,3.2,773.0,1.26378246E9,40.9,0.0,50.2
2004.0,Canada,5.5,19.2,1.8,1455.0,6.0556258E7,36.8,7.0,67.7
2000.0,Canada,17.6,16.5,2.2,2279.0,3.29517333E8,13.6,3.0,46.2
2007.0,Mexico,4.1,8.6,1.9,880.0,1.275080026E9,21.5,2.0,43.6
2020.0,Australia,5.9,34.2,4.8,1852.0,1.332348555E9,9.8,8.0,10.9
2011.0,China,3.0,5.6,4.8,978.0,8.83572947E8,33.3,9.0,14.9
2011.0,China,13.7,27.1,3.4,2562.0,1.024446336E9,10.5,3.0,44.6
2004.0,Germany,18.9,28.1,4.7,1015.0,8.06325524E8,49.4,3.0,66.2
2006.0,Argentina,5.7,12.3,4.1,690.0,9.64717552E8,40.1,13.0,62.0
2003.0,Japan,9.8,25.1,3.4,1691.0,1.077312172E9,22.6,8.0,69.0
2005.0,India,12.9,7.8,1.0,1660.0,2.0339904E7,31.0,12.0,41.7
2012.0,China,20.0,12.7,4.1,2701.0,1.014597705E9,46.0,11.0,57.3
2019.0,Mexico,2.5,28.6,3.8,1911.0,1.12133899E9,29.9,10.0,60.4
2014.0,Brazil,10.2,30.9,3.5,771.0,6.17520058E8,12.9,11.0,48.9
2002.0,Australia,8.0,23.3,4.0,642.0,4.0028538E7,22.0,13.0,30.3
2022.0,France,17.4,20.2,3.1,2412.0,7.97324959E8,42.9,1.0,38.2
2007.0,Germany,9.8,9.8,3.8,1592.0,6.37933053E8,34.0,13.0,61.5
2019.0,Mexico,2.7,6.9,4.7,2794.0,7.82955174E8,34.3,11.0,27.9
2015.0,Russia,12.9,8.5,2.5,1287.0,4.8647611E7,44.0,4.0,65.4
2012.0,USA,15.5,11.8,3.8,2626.0,5.6245653E7,45.2,14.0,23.8
2017.0,France,0.6,15.3,2.9,2181.0,3.42901215E8,46.4,3.0,55.0
2009.0,Argentina,17.2,16.4,3.7,1122.0,3.0679817E8,9.3,8.0,47.8
2018.0,Russia,4.1,15.4,4.1,1437.0,8.89870619E8,29.5,11.0,55.0
2016.0,South Africa,11.3,12.2,1.2,1618.0,6.63913018E8,38.3,4.0,36.2
2023.0,Argentina,8.6,20.3,3.6,1116.0,5.99934182E8,39.1,8.0,66.0
2018.0,Canada,14.5,29.8,1.9,1531.0,2.98239516E8,32.3,10.0,47.9
2022.0,USA,7.7,13.4,3.7,566.0,1.049605777E9,12.5,8.0,27.3
2004.0,India,17.5,33.3,2.9,690.0,3.57936501E8,40.9,13.0,48.3
2020.0,Brazil,14.7,31.2,4.1,1020.0,9.37363773E8,37.4,1.0,27.2
2022.0,USA,13.1,9.9,1.5,1489.0,6.88166625E8,8.9,13.0,27.6
2008.0,Argentina,16.0,28.6,3.5,1640.0,3.98067665E8,25.9,14.0,34.0
2011.0,Japan,15.2,22.2,2.1,2814.0,5.65411899E8,12.8,8.0,61.1
2020.0,Russia,1.2,22.0,4.4,2134.0,1.128364538E9,20.2,2.0,40.0
2000.0,India,8.2,16.7,4.7,1687.0,3.498178E8,5.8,3.0,50.7
2000.0,Indonesia,18.7,20.0,5.0,875.0,9.380242E8,23.0,0.0,33.5
2014.0,Japan,3.0,16.9,4.2,1152.0,1.048951853E9,29.7,13.0,25.8
2001.0,Canada,14.9,21.2,4.0,1048.0,5.35387911E8,32.9,0.0,67.3
2021.0,Japan,19.5,23.8,1.9,1597.0,4.28766962E8,34.9,0.0,46.2
2015.0,Germany,1.5,25.2,2.3,572.0,2.17257105E8,42.6,8.0,66.0
2007.0,Germany,13.8,21.0,2.9,2855.0,1.064569796E9,14.7,10.0,22.2
2012.0,South Africa,9.6,26.6,4.1,698.0,6.0938189E7,10.4,7.0,18.8
2020.0,Argentina,11.8,9.2,4.7,2281.0,8.17572573E8,43.3,4.0,61.3
2000.0,Australia,2.2,11.4,1.8,1071.0,1.388230143E9,12.0,4.0,50.9
2015.0,France,1.3,29.6,4.7,1290.0,1.379671819E9,48.9,8.0,21.2
2006.0,France,13.5,14.7,3.8,2138.0,6.90916097E8,42.9,2.0,26.2
2004.0,Indonesia,16.6,5.7,3.4,2331.0,1.13072938E8,27.5,2.0,58.0
2021.0,Indonesia,15.7,9.6,1.8,2355.0,7.44131853E8,49.2,6.0,37.2
2022.0,India,11.1,11.7,1.2,2010.0,8.07462613E8,9.4,8.0,50.2
2002.0,Canada,2.4,33.7,3.3,1674.0,1.14677731E9,18.6,5.0,29.1
2011.0,China,13.9,22.2,3.6,678.0,1.175564118E9,33.7,13.0,32.9
2015.0,South Africa,5.2,33.0,1.8,2744.0,5.14381167E8,20.8,1.0,69.4
2018.0,Germany,18.3,22.3,3.2,1234.0,1.016644563E9,46.8,0.0,24.9
2004.0,India,16.8,19.4,4.4,2636.0,9.90213564E8,8.0,1.0,40.4
2021.0,China,14.3,14.4,4.3,1298.0,2.22866661E8,29.7,13.0,60.7
2013.0,France,19.0,23.2,4.7,1287.0,4.58035062E8,31.6,13.0,24.4
2004.0,Australia,1.1,9.2,2.5,708.0,2.12718211E8,34.4,0.0,34.9
2014.0,Japan,14.9,31.9,2.3,992.0,1.38291611E9,16.5,9.0,46.9
2016.0,Germany,6.9,29.9,4.0,2157.0,5.97867288E8,21.4,9.0,38.9
2013.0,India,18.2,14.5,2.7,1231.0,1.063134918E9,43.0,8.0,37.6
2019.0,USA,5.7,33.6,1.4,1629.0,1.35663436E9,13.8,14.0,31.8
2004.0,China,14.6,29.8,2.1,2105.0,2.0678851E8,42.2,9.0,45.2
2011.0,Japan,17.6,25.0,2.7,1093.0,1.378540228E9,30.3,14.0,47.5
2015.0,Germany,1.3,8.7,2.2,1715.0,9.07925675E8,39.3,11.0,49.2
2015.0,France,8.3,19.3,2.3,824.0,8.26741489E8,37.1,13.0,14.2
2020.0,Mexico,15.4,20.2,2.2,1478.0,3.0190953E7,14.3,12.0,47.9
2006.0,Canada,9.4,12.0,1.2,2249.0,1.330161573E9,30.6,7.0,67.2
2003.0,China,5.7,7.4,3.5,2350.0,1.134255035E9,44.0,14.0,42.5
2000.0,France,4.8,28.3,3.4,1990.0,6.1481382E7,24.4,6.0,52.9
2004.0,Germany,3.1,8.7,3.6,1393.0,1.200864257E9,48.5,14.0,43.4
2022.0,China,17.2,22.8,1.8,1890.0,9.7623054E7,25.3,2.0,61.3
2009.0,South Africa,11.7,33.1,2.2,643.0,3.29758237E8,11.4,7.0,65.8
2021.0,Japan,2.0,31.3,3.5,883.0,6.06697131E8,22.5,1.0,21.1
2004.0,UK,8.0,13.3,3.4,2763.0,1.230785104E9,47.8,1.0,36.2
2003.0,Germany,7.7,30.5,3.0,2871.0,1.038669571E9,19.4,10.0,33.5
2001.0,South Africa,4.0,5.0,2.4,716.0,7.79600765E8,44.1,9.0,34.3
2019.0,Russia,9.0,5.5,4.7,2015.0,1.26314E7,44.7,2.0,17.5
2009.0,India,7.0,23.1,2.4,2730.0,9.28647198E8,20.8,6.0,58.8
2018.0,Mexico,7.2,15.9,2.8,2817.0,4.61954875E8,8.7,0.0,12.1
2000.0,Indonesia,14.9,16.6,3.7,1990.0,3.81441078E8,37.6,7.0,41.7
2023.0,Japan,4.9,21.9,3.2,2135.0,7.60660662E8,19.0,11.0,49.7
2004.0,China,13.0,10.8,2.4,2852.0,3.4357473E7,40.2,6.0,22.4
2012.0,Canada,11.6,11.4,2.7,1667.0,2.76284677E8,24.9,3.0,64.4
2003.0,France,11.6,19.5,4.2,610.0,4.13929509E8,26.8,13.0,60.3
2015.0,Indonesia,13.4,27.6,2.1,1513.0,1.029993337E9,40.0,14.0,38.3
2023.0,USA,11.2,23.6,1.6,731.0,1.196150514E9,22.2,4.0,34.7
2015.0,France,17.6,13.9,2.3,2214.0,9.07108797E8,24.9,9.0,24.2
2022.0,China,13.7,17.9,4.4,2255.0,8.04974926E8,21.9,12.0,53.8
2001.0,Mexico,11.2,10.1,1.4,2077.0,1.31368589E8,21.5,0.0,17.9
2016.0,Argentina,16.7,7.2,5.0,1796.0,1.353028485E9,28.7,3.0,50.8
2019.0,France,12.3,28.5,3.2,2720.0,1.331017695E9,41.4,14.0,60.5
2023.0,Argentina,6.2,13.0,4.9,1472.0,9.35533058E8,21.3,0.0,23.7
2011.0,India,4.5,10.3,4.8,1530.0,5.75572757E8,28.6,0.0,62.0
2017.0,Mexico,3.5,25.7,2.8,1017.0,7.61831829E8,35.2,9.0,12.0
2002.0,Germany,18.0,23.5,1.8,1413.0,5.12192626E8,17.1,0.0,64.8
2000.0,South Africa,14.3,24.0,1.7,2762.0,3.13096322E8,17.5,6.0,17.1
2000.0,USA,18.8,11.9,2.0,2681.0,2.97043004E8,47.0,6.0,48.7
2018.0,Brazil,12.3,12.0,3.8,2832.0,8.56099723E8,37.6,3.0,25.0
2010.0,China,9.7,11.6,2.1,2444.0,9.46279632E8,31.0,14.0,60.2
2004.0,Australia,1.7,10.2,2.4,1962.0,5.17404742E8,34.1,12.0,40.7
2011.0,Brazil,13.6,24.7,2.8,2372.0,1.091856204E9,6.3,11.0,18.1
2002.0,France,11.9,30.4,4.7,2878.0,1.93419191E8,32.8,1.0,44.3
2000.0,Indonesia,19.8,26.7,1.8,1807.0,5.40634691E8,27.9,11.0,34.5
2000.0,China,5.2,28.8,1.0,1398.0,3.85683145E8,29.6,2.0,49.7
2007.0,South Africa,10.8,17.1,1.2,1598.0,1.245372198E9,21.2,7.0,62.9
2009.0,Russia,13.2,24.6,4.6,1689.0,9.25981847E8,8.7,12.0,34.6
2010.0,South Africa,13.1,15.6,3.6,1712.0,1.026431056E9,13.7,7.0,27.4
2011.0,Australia,11.4,20.8,2.1,2625.0,1.165547123E9,47.8,10.0,10.9
2012.0,USA,15.7,19.4,1.7,1187.0,9.18159557E8,23.4,10.0,44.5
2011.0,South Africa,4.5,10.3,2.2,2568.0,1.119101202E9,26.0,5.0,34.1
2013.0,Canada,14.6,16.6,1.5,1065.0,9.56249631E8,7.4,14.0,32.5
2001.0,Russia,12.6,33.9,4.8,1707.0,8.77308425E8,6.7,9.0,21.0
2018.0,Brazil,18.0,12.5,4.1,2394.0,3.2747976E7,37.3,8.0,35.8
2017.0,Germany,17.0,9.0,2.8,1326.0,9.34953242E8,29.2,10.0,69.1
2002.0,India,6.6,17.6,4.5,1851.0,4.02363E7,27.9,11.0,27.9
2022.0,Canada,5.9,28.7,2.0,2726.0,5.99372628E8,15.9,8.0,46.0
2016.0,UK,19.6,22.5,3.9,2311.0,1.29008109E9,38.5,3.0,56.6
2007.0,Russia,10.8,25.4,4.4,1582.0,1.038917176E9,12.6,11.0,54.9
2009.0,Germany,18.2,10.7,2.4,1850.0,1.303590308E9,13.5,0.0,29.7
2001.0,Germany,3.7,23.6,4.0,2144.0,2.93218023E8,25.7,0.0,46.7
2018.0,China,13.0,14.7,2.2,690.0,9.31316975E8,17.9,14.0,62.3
2008.0,Russia,16.3,30.0,2.2,1723.0,1.362092917E9,16.1,11.0,10.9
2006.0,USA,19.0,23.9,1.4,1835.0,1.146873886E9,34.0,9.0,36.1
2003.0,France,7.1,11.0,2.8,1207.0,1.151159927E9,34.3,14.0,23.5
2020.0,Australia,14.6,6.9,3.9,878.0,2.6451115E7,42.1,4.0,33.3
2017.0,UK,11.0,6.3,4.8,886.0,1.193832295E9,23.8,13.0,35.0
2012.0,Australia,1.7,16.1,3.4,2784.0,3.93935884E8,8.3,12.0,54.8
2010.0,Brazil,14.0,13.0,4.5,1115.0,1.060152685E9,17.3,1.0,15.6
2023.0,Brazil,14.0,24.4,4.3,2042.0,5.5101132E7,49.1,14.0,40.8
2003.0,Australia,18.6,20.0,1.7,2830.0,6.21558597E8,31.8,5.0,43.9
2020.0,South Africa,10.2,13.0,2.9,2548.0,8.05165392E8,36.9,6.0,39.6
2003.0,USA,5.0,9.5,1.5,2254.0,7.86397155E8,5.3,0.0,53.9
2009.0,Argentina,1.4,8.8,3.7,963.0,1.344612647E9,28.3,5.0,33.0
2004.0,South Africa,8.6,30.9,4.8,1466.0,9.99167792E8,6.7,7.0,66.7
2008.0,Indonesia,6.4,12.3,1.5,671.0,2.62587298E8,30.6,11.0,38.9
2023.0,South Africa,15.3,24.6,3.9,1646.0,5.83534992E8,46.4,4.0,44.3
2002.0,India,7.4,29.3,3.5,1342.0,8.667162E8,48.6,13.0,59.5
2016.0,Japan,19.0,23.4,3.3,1821.0,4.3209016E7,29.3,11.0,26.5
2002.0,France,19.3,30.8,2.6,2408.0,1.193787532E9,25.6,6.0,14.5
2015.0,India,12.6,16.8,2.4,1189.0,9.70973825E8,47.5,9.0,52.5
2003.0,China,18.6,33.7,1.2,2007.0,7.57020571E8,35.3,5.0,39.0
2017.0,Japan,15.3,9.0,1.9,2712.0,8.31550186E8,7.9,3.0,63.8
2016.0,Japan,11.2,8.1,1.1,2524.0,1.144515609E9,26.0,14.0,69.0
2006.0,Russia,4.0,24.8,3.3,2222.0,1.307076526E9,15.8,14.0,33.9
2023.0,USA,9.4,33.3,1.4,882.0,5.8963729E8,26.1,6.0,34.9
2022.0,USA,11.4,29.3,4.5,2756.0,1.33942783E9,25.5,9.0,34.5
2004.0,Japan,17.3,7.3,3.1,1912.0,1.26336285E9,31.2,8.0,29.5
2011.0,Indonesia,9.9,13.4,3.8,2083.0,1.358606331E9,21.1,9.0,56.9
2016.0,South Africa,18.0,32.9,2.6,2771.0,9.76037143E8,12.4,9.0,55.5
2022.0,Russia,13.6,12.6,3.2,2550.0,8.29586067E8,27.7,12.0,38.7
2012.0,France,3.2,28.4,4.8,871.0,2.26805324E8,42.4,6.0,12.7
2022.0,Japan,19.9,29.8,1.3,2210.0,9.6805924E8,34.9,11.0,28.6
2002.0,Canada,10.8,19.9,2.0,1969.0,4.494606E8,20.2,13.0,27.5
2008.0,Brazil,8.1,16.6,4.1,1110.0,6.98150132E8,47.1,4.0,58.7
2016.0,Brazil,13.4,18.5,1.4,615.0,2.97280556E8,46.0,6.0,15.3
2016.0,India,2.6,11.8,1.3,946.0,4.72080203E8,14.4,2.0,58.3
2019.0,China,12.9,31.7,2.4,1891.0,1.36202316E8,6.8,1.0,50.2
2015.0,Mexico,10.2,18.5,1.4,1840.0,6.72570272E8,38.4,10.0,53.9
2021.0,Mexico,8.4,31.5,3.3,914.0,1.082464871E9,42.2,14.0,35.9
2012.0,Brazil,19.1,8.2,1.9,2308.0,2.94211471E8,48.6,4.0,50.8
2018.0,Argentina,10.7,34.6,4.6,1547.0,2.98632383E8,45.0,3.0,46.5
2016.0,Germany,4.8,18.3,4.1,2373.0,1.18068094E9,32.0,4.0,56.1
2003.0,India,9.4,6.4,3.8,1573.0,9918562.0,28.9,7.0,36.8
2011.0,Mexico,18.4,6.1,3.5,1217.0,1.120735671E9,6.3,11.0,38.4
2008.0,Brazil,3.9,27.4,4.5,1858.0,7.9510809E7,16.1,3.0,48.6
2018.0,China,4.7,24.8,1.9,2105.0,3.41648458E8,25.7,14.0,16.5
2011.0,Mexico,0.8,29.1,4.5,2818.0,9.55410877E8,33.3,8.0,36.2
2008.0,South Africa,0.8,8.2,4.2,1061.0,7.489973E8,30.1,6.0,68.3
2006.0,South Africa,16.7,6.1,4.0,2794.0,2.98662647E8,38.4,9.0,12.3
2013.0,USA,14.8,20.3,3.2,886.0,2.02353097E8,17.6,12.0,29.0
2019.0,Indonesia,7.4,16.6,2.0,1201.0,5.66743465E8,30.4,11.0,28.8
2018.0,USA,14.1,18.9,2.7,1472.0,9.22097331E8,9.0,6.0,48.0
2014.0,France,8.2,34.7,4.2,1884.0,8.1521377E7,23.6,14.0,16.3
2015.0,Japan,19.1,34.1,1.1,1483.0,2.20754183E8,38.8,12.0,47.7
2020.0,Canada,19.4,33.3,4.1,2011.0,1.17312606E8,36.2,12.0,15.7
2004.0,USA,8.2,28.5,2.0,851.0,1.001119882E9,49.6,7.0,15.7
2002.0,UK,17.2,15.6,1.6,2224.0,1.2742211E9,17.5,11.0,53.7
2011.0,Mexico,15.6,17.4,1.5,2451.0,1.333450369E9,27.4,5.0,29.4
2019.0,Argentina,6.5,21.5,1.1,1779.0,7.81668712E8,19.8,7.0,68.6
2020.0,Russia,5.0,29.9,3.1,2407.0,5.3621043E8,24.8,2.0,12.2
2003.0,Brazil,9.4,7.1,1.9,1252.0,1.8750431E7,43.6,9.0,36.7
2020.0,Russia,15.7,17.7,5.0,1524.0,6.55879251E8,35.8,9.0,16.8
2022.0,UK,19.2,7.5,3.3,1045.0,1.387457528E9,44.7,13.0,31.1
2015.0,China,15.4,20.4,1.6,1969.0,2.27429665E8,14.2,0.0,69.9
2006.0,USA,17.2,32.0,3.8,578.0,1.109563889E9,44.3,5.0,63.3
2012.0,Canada,12.3,28.5,4.6,1759.0,2.32840139E8,7.7,0.0,12.9
2020.0,China,16.8,11.8,4.0,2881.0,5.73451526E8,45.0,8.0,43.8
2009.0,Germany,15.8,34.3,1.3,1388.0,1.280706662E9,19.8,13.0,48.9
2006.0,Germany,7.9,25.0,4.6,1605.0,7.03458181E8,19.2,1.0,22.6
2013.0,Russia,11.3,5.3,4.2,2490.0,8.92723644E8,28.0,10.0,18.7
2004.0,Japan,16.2,12.7,1.6,2000.0,1.307202006E9,47.3,1.0,64.3
2002.0,India,1.4,12.8,1.2,1420.0,4.57184922E8,7.2,6.0,68.1
2022.0,Japan,16.3,7.1,3.2,1049.0,5.21147693E8,20.9,1.0,69.5
2010.0,Mexico,4.0,33.8,1.6,2561.0,1.185883781E9,43.5,9.0,57.4
2010.0,UK,10.5,19.3,4.3,891.0,1.297221349E9,22.8,7.0,49.8
2017.0,South Africa,16.3,31.9,2.4,2857.0,1.323666625E9,14.0,5.0,30.7
2014.0,France,5.4,14.7,4.7,2933.0,1.151040277E9,24.1,13.0,20.3
2011.0,Japan,5.3,8.8,3.3,1880.0,5.52503699E8,22.3,6.0,14.7
2008.0,Indonesia,8.4,19.2,1.7,1473.0,4.90479768E8,46.2,6.0,51.6
2009.0,France,17.9,8.4,1.6,839.0,6.19079995E8,39.3,5.0,57.1
2011.0,UK,0.5,19.6,3.3,1256.0,1.6745976E8,27.7,9.0,59.6
2016.0,France,18.1,32.6,4.0,1545.0,3.33230308E8,49.5,10.0,64.8
2005.0,Canada,3.5,20.6,4.1,2838.0,1.138205296E9,25.9,8.0,62.8
2006.0,USA,19.8,23.5,2.1,2853.0,6.29814899E8,7.6,12.0,70.0
2013.0,Canada,19.1,9.7,1.8,1438.0,1.141561184E9,16.8,8.0,24.6
2012.0,France,10.1,6.3,1.1,1347.0,1.318582449E9,24.6,14.0,55.8
2007.0,China,10.5,8.3,3.7,941.0,1.24297006E8,12.1,6.0,45.2
2009.0,Germany,9.9,23.0,1.3,629.0,1.082501828E9,47.6,8.0,25.7
2008.0,France,12.9,7.9,2.7,1096.0,1.48647462E8,39.5,12.0,68.9
2017.0,Canada,2.3,16.3,3.4,2458.0,1.391480145E9,17.1,9.0,63.9
2001.0,Argentina,1.1,21.5,4.7,2005.0,5.97841637E8,31.6,2.0,17.7
2004.0,UK,1.6,16.7,2.2,1361.0,3.67224757E8,37.5,2.0,11.6
2004.0,China,9.2,9.9,2.0,1498.0,3.50813108E8,47.4,0.0,51.3
2005.0,Canada,5.9,13.2,3.6,2872.0,1.257944094E9,44.7,4.0,46.2
2018.0,Japan,12.6,32.8,3.5,2995.0,1.274619263E9,28.2,14.0,66.1
2007.0,Brazil,19.9,25.3,2.3,2051.0,1.96111561E8,39.9,3.0,24.0
2015.0,Russia,8.0,19.9,4.7,2140.0,1.13965275E9,30.3,1.0,15.1
2012.0,India,11.7,5.4,4.4,2011.0,5.74018793E8,29.9,8.0,25.6
2000.0,South Africa,8.6,34.8,1.9,2236.0,8.24102127E8,10.2,2.0,11.1
2021.0,Canada,17.0,25.1,2.0,1949.0,1.268064913E9,10.7,14.0,12.2
2019.0,Indonesia,18.1,14.5,3.0,2357.0,9.47298966E8,28.8,7.0,64.9
2016.0,India,17.6,31.4,4.1,764.0,7.02602016E8,17.1,5.0,31.1
2006.0,UK,19.5,12.8,1.2,1962.0,4.44312143E8,5.9,13.0,34.6
2012.0,Argentina,1.0,21.3,3.8,656.0,4.49021301E8,37.5,12.0,11.1
2003.0,Australia,16.9,24.1,3.6,1945.0,3.66223269E8,6.5,4.0,26.2
2003.0,Canada,15.2,11.6,1.9,2798.0,6.25984226E8,31.8,0.0,58.3
2005.0,Brazil,5.0,34.4,3.7,2132.0,1.04922177E8,29.3,3.0,46.9
2018.0,India,19.1,27.4,4.8,2874.0,1.22071965E8,48.6,2.0,55.2
2011.0,South Africa,3.4,21.7,1.2,1394.0,7.17982156E8,26.8,0.0,36.8
2021.0,France,13.8,10.4,2.3,2644.0,1.148375055E9,7.9,11.0,28.6
2006.0,Canada,4.9,6.6,2.8,1012.0,4.5932377E8,29.8,14.0,39.0
2009.0,USA,8.9,14.6,4.6,715.0,6.43338166E8,42.8,4.0,29.4
2018.0,Argentina,14.5,27.6,4.8,2672.0,5.55420966E8,49.9,5.0,60.3
2006.0,UK,11.5,13.1,2.8,2206.0,1.041665235E9,24.4,1.0,27.9
2002.0,Russia,8.8,21.2,4.0,2606.0,5.42400855E8,19.4,14.0,49.6
2012.0,Brazil,6.9,26.8,3.1,2067.0,6.1562854E8,45.8,13.0,18.2
2012.0,Mexico,16.9,8.2,3.2,2708.0,3.24319642E8,13.6,2.0,51.2
2017.0,Mexico,3.3,25.6,2.1,2831.0,1.357107613E9,32.7,10.0,64.8
2019.0,Indonesia,8.9,7.8,1.9,2653.0,4.83741561E8,23.3,13.0,46.5
2007.0,India,18.1,34.0,2.2,1628.0,5.22918956E8,6.8,14.0,43.6
2008.0,Brazil,17.0,19.7,3.2,727.0,2.12780506E8,20.6,5.0,67.7
2006.0,China,8.3,9.5,1.1,2865.0,9.45299929E8,16.9,3.0,47.6
2000.0,South Africa,15.4,15.3,4.6,1987.0,1.106864831E9,35.9,8.0,25.6
2002.0,Russia,16.6,17.4,1.6,1301.0,5.83661545E8,47.7,4.0,27.5
2012.0,France,17.8,27.7,1.9,2122.0,1.117897844E9,17.1,3.0,52.3
2016.0,Canada,11.1,27.3,3.1,2405.0,5.74525178E8,41.5,1.0,54.1
2023.0,Canada,4.5,23.4,3.8,971.0,1.380296219E9,7.5,5.0,28.2
2000.0,Mexico,5.5,8.2,1.4,1579.0,4.75061537E8,29.2,9.0,30.7
2005.0,Canada,6.3,9.5,2.3,2560.0,9.04452825E8,8.2,1.0,69.5
2020.0,UK,12.1,7.8,4.9,1541.0,3.1063151E7,47.0,11.0,16.1
2005.0,Russia,1.1,22.3,2.0,2660.0,4.84197278E8,39.5,12.0,34.3
2011.0,USA,12.9,31.3,2.3,728.0,3.1097621E8,34.6,6.0,13.7
2012.0,Australia,7.6,18.0,4.3,670.0,1.014270408E9,42.1,2.0,59.3
2012.0,Indonesia,6.3,9.8,1.2,794.0,1.1825407E9,34.1,8.0,15.5
2014.0,Germany,17.7,21.7,2.9,688.0,5.98463676E8,48.6,10.0,50.4
2020.0,Japan,9.5,29.4,2.5,925.0,7.33726265E8,37.1,4.0,13.4
2015.0,Indonesia,2.4,27.3,2.3,1476.0,1.132944962E9,46.6,7.0,50.4
2021.0,India,16.6,31.4,2.1,1602.0,1.242658359E9,28.3,10.0,60.6
2020.0,USA,1.4,13.3,1.4,1418.0,1.199856255E9,10.3,5.0,33.9
2010.0,Indonesia,14.7,10.8,2.3,998.0,4.42921564E8,28.8,13.0,41.3
2004.0,France,15.6,31.4,1.2,2321.0,6.6337185E8,10.7,11.0,34.1
2003.0,Mexico,7.4,24.7,4.1,1365.0,1.0684688E8,31.7,9.0,28.0
2002.0,Argentina,16.6,14.3,2.6,1325.0,8.45772793E8,26.7,7.0,58.2
2018.0,India,10.6,27.3,2.8,2358.0,3.22950922E8,33.0,12.0,26.3
2019.0,Canada,9.5,29.5,4.6,2618.0,9.68769498E8,5.5,12.0,53.4
2017.0,Brazil,1.4,23.4,3.6,2795.0,9.58819872E8,13.8,10.0,22.4
2014.0,France,6.2,25.6,1.0,645.0,9.3966977E7,27.1,11.0,25.0
2008.0,India,18.7,16.3,4.8,2141.0,2.81361562E8,47.8,2.0,30.2
2016.0,Argentina,8.1,21.2,1.9,1819.0,3.95181795E8,22.3,2.0,45.3
2013.0,South Africa,11.2,20.7,1.4,969.0,1.383289354E9,24.1,4.0,37.3
2014.0,Canada,10.9,30.4,4.1,692.0,7.78188462E8,37.2,10.0,54.7
2000.0,Indonesia,12.0,30.2,3.0,1591.0,6.29396369E8,32.2,9.0,22.8
2020.0,Indonesia,1.7,30.0,2.7,551.0,6.33829632E8,18.5,2.0,10.6
2021.0,India,7.6,5.3,2.0,2910.0,6.2104574E7,23.5,7.0,56.6
2021.0,Brazil,14.6,27.5,3.2,2320.0,5.52258722E8,14.8,9.0,59.3
2002.0,South Africa,4.4,27.8,2.1,2369.0,1.69324386E8,48.5,12.0,13.6
2015.0,Canada,4.5,25.4,4.6,2286.0,6.4604899E8,10.9,11.0,46.7
2022.0,Argentina,0.7,27.7,1.9,1954.0,1.096617947E9,21.7,13.0,32.7
2010.0,Australia,9.0,30.3,4.5,2367.0,1.151520192E9,6.2,7.0,57.6
2011.0,Indonesia,17.7,19.1,3.2,2507.0,1.082449514E9,15.0,1.0,62.5
2009.0,Argentina,1.5,20.1,4.3,1934.0,3.80527763E8,40.1,11.0,61.1
2015.0,USA,4.2,8.7,3.9,1339.0,1.72575234E8,14.1,3.0,56.6
2007.0,Indonesia,6.5,16.6,3.8,740.0,9.14386174E8,8.6,9.0,26.1
2005.0,Argentina,14.8,24.3,2.3,1035.0,4.17690049E8,26.4,12.0,58.7
2011.0,China,13.0,28.4,1.9,1907.0,2.76902589E8,5.4,0.0,42.0
2023.0,Mexico,8.6,11.5,1.8,582.0,8.66432043E8,8.8,3.0,13.2
2020.0,Japan,15.3,9.1,4.4,1481.0,3.99126588E8,41.3,11.0,37.4
2007.0,Russia,12.4,24.9,4.3,1450.0,1.397016073E9,39.7,12.0,66.5
2003.0,Mexico,18.0,5.1,2.8,1110.0,2.37659268E8,46.2,12.0,63.3
2007.0,UK,16.5,10.4,1.5,1073.0,1.221935909E9,43.5,10.0,16.1
2017.0,Japan,5.4,5.9,2.5,2833.0,6.06960201E8,35.7,12.0,54.6
2004.0,France,5.8,10.0,3.5,1488.0,1.182846641E9,7.4,3.0,58.3
2008.0,Argentina,2.9,10.4,2.8,958.0,1.339539083E9,40.2,9.0,26.3
2003.0,Japan,7.1,16.6,4.1,2673.0,1.09741109E8,43.0,8.0,38.3
2021.0,UK,20.0,17.1,5.0,2022.0,2.84705392E8,41.0,14.0,52.7
2016.0,Canada,8.4,31.2,1.8,2972.0,6.9597178E8,27.9,2.0,36.3
2008.0,Australia,4.8,20.3,2.8,2484.0,1.362033433E9,15.5,14.0,16.8
2000.0,China,15.4,26.7,2.7,2066.0,7.84881916E8,43.0,1.0,52.4
2020.0,USA,11.1,8.1,2.2,2659.0,1.072790036E9,37.7,8.0,64.7
2019.0,Argentina,3.4,11.8,1.8,2949.0,6.97781804E8,49.1,8.0,49.1
2012.0,USA,7.9,26.1,1.3,621.0,8.57993113E8,12.0,0.0,56.4
2015.0,Brazil,8.6,6.6,4.5,772.0,9.25802277E8,15.2,5.0,31.5
2012.0,Indonesia,15.2,19.6,2.7,1817.0,1.319258942E9,14.5,9.0,21.0
2013.0,Argentina,0.9,23.0,3.0,897.0,1.152666411E9,40.7,7.0,48.6
2002.0,Russia,5.7,23.1,4.7,1484.0,2.46218329E8,13.4,2.0,29.7
2005.0,Argentina,10.6,5.7,4.1,1730.0,1.356785799E9,8.0,10.0,61.6
2017.0,India,5.7,14.7,1.5,1633.0,5.38949949E8,49.9,8.0,17.4
2018.0,Australia,12.8,24.1,3.3,1801.0,7.1798459E8,6.1,1.0,36.0
2004.0,India,9.9,9.5,2.8,2410.0,6.68910266E8,42.6,5.0,33.8
2014.0,Argentina,7.6,25.9,4.2,2005.0,4.41359567E8,21.4,0.0,66.3
2001.0,China,19.0,27.4,3.9,2416.0,1.7192736E8,42.9,12.0,19.2
2009.0,Japan,12.8,34.5,3.8,1319.0,5.2187343E7,30.0,6.0,10.6
2023.0,USA,3.0,11.3,2.4,2456.0,4.20542436E8,45.6,2.0,24.3
2017.0,China,11.4,29.8,4.2,2868.0,6.00974146E8,46.7,6.0,59.2
2012.0,Argentina,15.7,20.6,1.2,678.0,9.27578734E8,5.4,3.0,22.6
2004.0,UK,14.3,16.2,1.6,1396.0,3.31580116E8,8.4,8.0,24.5
2022.0,Japan,3.9,8.7,2.3,2766.0,7.34430197E8,16.3,4.0,17.8
2023.0,UK,19.5,27.1,1.3,2472.0,1.018161882E9,35.1,2.0,52.9
2000.0,USA,9.3,12.1,1.9,2051.0,1.380798693E9,45.0,14.0,14.2
2021.0,Japan,3.6,16.1,4.3,991.0,5467801.0,25.7,7.0,29.9
2000.0,Russia,4.0,6.9,4.8,560.0,1.051785465E9,32.3,5.0,26.9
2017.0,Australia,2.4,29.0,2.2,1577.0,3.13504125E8,13.5,1.0,43.3
2014.0,Mexico,16.2,28.0,2.1,2203.0,5.90386085E8,41.2,2.0,53.8
2016.0,South Africa,2.9,27.0,2.1,564.0,1.045450055E9,48.5,7.0,42.0
2010.0,France,2.9,14.0,2.1,1085.0,2.1819922E8,17.1,14.0,65.9
2020.0,China,17.1,10.2,1.1,2227.0,7.38275078E8,27.3,9.0,67.1
2021.0,Indonesia,7.2,24.1,4.7,2718.0,8.27751807E8,8.9,6.0,31.7
2016.0,China,1.1,19.9,1.9,1034.0,4.38565972E8,30.2,9.0,56.7
2012.0,South Africa,1.5,10.3,2.7,2655.0,1.093034759E9,27.6,5.0,54.3
2000.0,Mexico,3.3,25.6,1.0,2370.0,5.63852853E8,11.5,13.0,63.6
2001.0,Germany,4.7,34.7,4.4,1504.0,1.377569278E9,24.9,0.0,36.9
2008.0,Canada,13.5,27.4,3.9,2999.0,1.08305812E8,20.0,8.0,41.8
2002.0,Russia,3.6,27.2,4.8,1729.0,1.117841407E9,28.5,2.0,34.9
2000.0,UK,2.8,33.5,4.1,1539.0,9.49007159E8,31.4,13.0,61.0
2020.0,Argentina,15.4,11.1,2.3,826.0,2.10449747E8,5.4,4.0,23.8
2015.0,Russia,13.6,22.0,2.0,1107.0,6.1229895E7,39.2,6.0,24.4
2022.0,South Africa,9.0,34.4,3.8,501.0,4.55208813E8,37.1,14.0,32.4
2005.0,Argentina,11.2,10.0,2.5,1533.0,5.67420977E8,21.5,6.0,23.8
2016.0,Indonesia,6.6,26.0,3.3,2981.0,1.17179548E8,7.4,2.0,43.7
2004.0,India,9.9,22.6,1.0,624.0,2.00614447E8,39.0,14.0,18.1
2004.0,Japan,10.4,22.6,1.2,1604.0,3.5547988E8,48.0,3.0,29.2
2005.0,Canada,8.1,25.9,3.1,2361.0,3.93359182E8,15.8,9.0,64.8
2002.0,Australia,18.2,32.9,3.3,1673.0,7.90364317E8,19.6,6.0,34.6
2020.0,Australia,0.8,28.5,4.0,628.0,1.103288537E9,13.3,7.0,54.9
2022.0,South Africa,15.8,6.7,1.5,937.0,1.088137161E9,31.0,1.0,16.8
2004.0,Russia,2.9,30.6,3.1,1250.0,3.55055964E8,12.0,8.0,24.9
2020.0,Australia,16.1,11.8,1.8,1721.0,9.77900597E8,21.0,6.0,58.4
2004.0,Indonesia,12.5,16.3,1.4,2758.0,8.02398351E8,36.4,12.0,55.8
2009.0,UK,16.9,18.9,2.6,1401.0,8.09451155E8,30.2,7.0,33.2
2009.0,Germany,2.4,19.4,1.7,2592.0,8.14653356E8,22.4,5.0,67.3
2018.0,China,11.4,18.1,1.9,1802.0,7.92341941E8,23.9,5.0,64.6
2016.0,Brazil,10.3,33.1,2.3,1933.0,2.45823381E8,30.3,8.0,67.7
2020.0,Indonesia,14.3,26.2,2.0,890.0,3.78091478E8,5.3,3.0,35.7
2013.0,Argentina,10.9,23.9,1.4,1567.0,5.37312924E8,8.5,10.0,21.8
2008.0,France,11.0,6.5,1.4,526.0,7.6154255E7,44.7,10.0,47.6
2013.0,South Africa,8.9,32.1,1.8,1047.0,1.10285989E8,8.5,4.0,51.1
2000.0,India,6.5,32.3,1.2,1066.0,2.11473371E8,36.8,8.0,17.5
2018.0,Japan,9.9,28.4,3.5,1203.0,4.71260143E8,46.4,0.0,57.2
2012.0,France,2.8,5.2,2.1,1742.0,3.13545957E8,17.2,3.0,11.1
2012.0,Japan,19.2,6.7,2.1,684.0,8.7224803E8,21.7,6.0,39.0
2003.0,USA,14.4,11.8,2.3,2090.0,1.373223501E9,30.6,10.0,29.9
2000.0,France,19.1,8.9,3.7,2413.0,1.78651192E8,44.7,14.0,54.4
2016.0,Brazil,4.9,17.0,4.5,1347.0,1.221021496E9,47.4,8.0,28.8
2007.0,Russia,17.6,32.7,4.0,1098.0,4.14805054E8,38.3,14.0,59.6
2001.0,Germany,16.3,19.2,3.9,1305.0,1.178735383E9,8.9,13.0,45.7
2007.0,China,13.7,5.4,2.9,1857.0,1.15282073E8,35.1,12.0,57.6
2006.0,China,12.7,13.5,3.8,2626.0,1.011298802E9,23.5,10.0,69.4
2001.0,Germany,6.7,6.3,3.2,2378.0,1.119422832E9,26.2,11.0,50.7
2021.0,UK,16.4,6.1,1.9,2960.0,5.4066225E8,7.2,12.0,69.1
2021.0,Canada,10.3,13.3,1.8,1045.0,3.47844379E8,13.6,9.0,11.7
2002.0,USA,1.9,13.3,2.2,2132.0,9.27083911E8,40.6,5.0,30.3
2017.0,Japan,6.6,28.6,4.6,2716.0,1.03902543E9,25.4,11.0,16.5
2011.0,Brazil,18.7,34.2,3.2,2579.0,8.03907356E8,18.6,7.0,25.7
2000.0,Australia,17.1,16.1,3.9,2834.0,7.53610692E8,22.3,12.0,60.3
2021.0,France,19.6,17.9,2.4,2426.0,8.8525639E8,43.4,8.0,11.9
2011.0,USA,12.7,30.3,2.6,1116.0,8.14540393E8,38.7,9.0,41.2
2004.0,Indonesia,5.3,13.0,1.5,2817.0,1.219902888E9,17.3,3.0,44.0
2016.0,South Africa,3.7,9.7,1.7,1703.0,5.42638938E8,10.3,0.0,43.7
2015.0,France,4.1,30.6,4.3,2259.0,8.33635961E8,16.3,13.0,38.5
2014.0,Brazil,0.9,6.4,3.3,725.0,5.58731629E8,46.4,7.0,57.4
2022.0,India,8.1,23.6,2.4,1169.0,1.314459009E9,31.2,1.0,18.0
2014.0,India,4.2,21.9,4.2,2263.0,7.57754968E8,29.0,10.0,28.6
2004.0,Argentina,8.5,15.4,2.0,1416.0,1.11442292E9,31.8,0.0,46.9
2020.0,USA,18.7,14.5,4.9,2673.0,5.15313114E8,21.5,12.0,51.5
2013.0,Russia,8.9,28.2,2.4,2621.0,3.33480086E8,41.3,6.0,34.2
2001.0,Brazil,17.6,7.6,2.3,1714.0,5.52246665E8,28.5,11.0,62.5
2010.0,Brazil,12.3,12.1,2.2,2205.0,5.6127465E7,10.3,9.0,34.9
2018.0,Germany,5.3,27.0,1.5,2342.0,7.91709171E8,10.8,8.0,34.2
2006.0,Indonesia,7.4,21.4,1.4,2483.0,4.54764789E8,29.2,10.0,12.2
2005.0,Russia,2.1,8.8,3.6,555.0,1.344684674E9,47.1,14.0,43.1
2001.0,Indonesia,7.0,31.5,4.5,1219.0,4.40187461E8,18.9,11.0,52.5
2005.0,UK,13.7,16.8,4.2,2579.0,3.39256508E8,44.1,11.0,16.9
2017.0,Japan,1.9,29.8,1.6,1073.0,1.385374585E9,39.4,8.0,28.3
2001.0,Japan,4.5,28.6,3.2,1166.0,5.09030277E8,16.2,2.0,56.9
2017.0,Australia,7.9,23.7,1.4,783.0,1.190249588E9,6.6,5.0,32.0
2014.0,Argentina,19.6,19.8,1.2,2244.0,1.209870465E9,9.6,6.0,24.5
2018.0,China,15.8,34.4,3.6,2734.0,3.05046905E8,37.8,13.0,50.3
2001.0,India,14.8,9.3,3.1,997.0,8.74069049E8,14.0,9.0,21.8
2019.0,South Africa,2.8,26.8,1.3,1965.0,6.89862289E8,21.7,8.0,63.7
2005.0,Japan,15.7,10.7,1.1,629.0,1.328981569E9,27.6,14.0,16.3
2000.0,Russia,15.8,15.1,5.0,1138.0,2.42436875E8,37.6,1.0,52.4
2023.0,Brazil,12.2,14.3,1.1,2661.0,7.43306453E8,10.1,7.0,40.0
2014.0,South Africa,19.8,33.4,2.8,2560.0,1.064093028E9,23.3,13.0,62.2
2022.0,Mexico,6.8,34.0,3.0,2991.0,1.229940655E9,26.8,6.0,17.6
2009.0,Indonesia,18.9,10.5,1.5,2994.0,1.289226003E9,29.3,3.0,50.7
2018.0,Japan,18.3,5.7,1.7,1485.0,6.04216448E8,41.8,1.0,44.3
2016.0,Brazil,0.7,26.6,2.4,1492.0,8.332544E7,12.7,7.0,38.8
2004.0,Japan,9.3,17.5,4.0,2621.0,1.350315792E9,41.4,10.0,39.5
2003.0,India,19.6,7.7,3.0,600.0,1.42785204E8,36.2,4.0,53.3
2009.0,Mexico,2.5,25.5,3.6,2723.0,1.44553139E8,30.0,5.0,66.3
2023.0,France,11.2,21.4,4.9,926.0,3.43707677E8,36.5,13.0,15.5
2016.0,Japan,19.6,34.4,4.1,540.0,9.02591144E8,23.5,10.0,11.2
2009.0,UK,11.3,11.8,2.7,928.0,7.16127278E8,11.2,6.0,58.3
2016.0,Russia,4.2,17.1,2.8,843.0,1.241932098E9,35.0,14.0,16.5
2019.0,Japan,11.9,21.3,3.5,865.0,9.12478829E8,28.6,14.0,69.2
2023.0,China,4.5,28.8,3.7,1108.0,1.180278134E9,33.8,9.0,47.2
2004.0,South Africa,10.6,21.5,3.0,1227.0,7.56443018E8,20.2,0.0,49.1
2001.0,South Africa,1.9,23.4,3.6,2776.0,9.36138519E8,45.8,7.0,21.9
2005.0,India,12.3,11.8,1.1,1324.0,1.011963413E9,31.4,3.0,24.4
2020.0,Russia,10.6,30.4,2.7,1875.0,5.21663999E8,8.8,12.0,49.6
2001.0,Mexico,14.9,17.9,2.1,1388.0,2.0749758E8,25.2,8.0,64.6
2012.0,UK,12.8,9.2,1.5,2543.0,9.10306304E8,39.0,0.0,68.9
2010.0,Germany,11.2,24.9,1.4,1841.0,6.3908951E7,40.7,10.0,21.9
2010.0,Russia,14.0,11.5,3.4,1796.0,6.20506174E8,27.3,1.0,18.0
2015.0,South Africa,3.3,7.9,3.1,616.0,1.113296994E9,45.3,13.0,13.4
2010.0,China,12.1,30.9,2.0,2915.0,3660891.0,17.0,5.0,62.1
2018.0,France,3.9,18.8,2.9,1617.0,9.55697187E8,23.5,10.0,27.7
2014.0,India,18.5,27.5,3.0,667.0,8.94808615E8,45.4,9.0,10.1
2022.0,Germany,1.8,13.7,1.8,2238.0,6.30704719E8,45.3,10.0,23.4
2022.0,China,8.9,28.6,3.6,1864.0,1.090719866E9,35.9,13.0,30.4
2015.0,Mexico,14.1,8.4,4.1,1194.0,6.27755536E8,43.7,0.0,69.5
2010.0,Indonesia,9.4,15.7,4.2,1424.0,1.089256242E9,9.0,3.0,41.4
2021.0,Mexico,2.3,34.3,3.4,651.0,1.001208309E9,43.9,7.0,22.3
2015.0,China,11.3,28.8,3.0,1085.0,6.74280911E8,19.4,14.0,30.1
2007.0,Indonesia,13.0,19.9,1.2,1412.0,3.18523214E8,13.0,9.0,29.8
2003.0,USA,14.2,15.2,2.2,2821.0,7.88823352E8,15.8,4.0,11.2
2007.0,India,7.8,31.2,1.4,2077.0,4.03372362E8,23.8,12.0,18.1
2003.0,Russia,11.5,21.3,4.9,995.0,1.095475598E9,16.3,8.0,51.7
2023.0,Indonesia,9.3,27.8,1.5,2648.0,1.330131634E9,19.4,10.0,17.2
2002.0,Argentina,13.6,27.6,1.6,1056.0,7.11474124E8,11.1,10.0,23.8
2002.0,Indonesia,11.9,5.5,4.6,1605.0,1.0978954E7,18.3,5.0,31.0
2017.0,Brazil,10.8,8.8,4.8,2052.0,1.256199697E9,30.8,0.0,55.5
2018.0,France,5.4,24.8,4.1,2620.0,1.267230374E9,24.9,5.0,44.9
2018.0,Brazil,0.5,9.8,1.0,656.0,2.39135473E8,20.6,5.0,51.3
2020.0,Russia,3.9,12.7,1.0,1234.0,2.78429462E8,38.6,12.0,44.0
2004.0,Russia,2.8,33.4,2.5,2679.0,1.084717946E9,45.2,5.0,51.0
2017.0,India,9.3,21.8,1.6,1927.0,1.113231627E9,39.1,7.0,10.2
2009.0,Russia,12.4,27.5,1.1,1058.0,1.14211079E9,19.9,14.0,65.9
2021.0,South Africa,4.7,21.7,2.9,2654.0,8.45679328E8,38.5,5.0,16.7
2020.0,Indonesia,18.8,21.6,4.8,2812.0,4.45421988E8,11.8,4.0,34.4
2005.0,Indonesia,0.6,7.8,2.3,654.0,6.73431694E8,10.9,14.0,56.3
2000.0,USA,15.6,15.3,3.6,1496.0,8.84137537E8,20.6,10.0,36.1
2004.0,Germany,12.7,13.5,3.6,2794.0,4.89265598E8,41.3,1.0,66.8
2008.0,Russia,7.8,16.7,2.0,1030.0,7.25773318E8,16.1,3.0,38.1
2011.0,Brazil,1.5,29.0,3.6,2471.0,9.59148511E8,7.8,13.0,62.5
2013.0,Russia,12.7,16.2,1.8,1228.0,1.97145427E8,10.9,14.0,58.6
2001.0,Mexico,8.0,18.6,1.5,1677.0,7.91167156E8,43.6,9.0,68.9
2016.0,USA,18.8,16.9,3.8,653.0,8.18022751E8,33.5,4.0,65.6
2013.0,South Africa,11.1,7.8,1.5,591.0,7.60436315E8,16.4,9.0,63.9
2012.0,South Africa,18.8,18.2,5.0,2885.0,9.0703756E7,30.0,3.0,53.9
2008.0,Japan,4.8,10.9,1.7,2003.0,1.296305728E9,28.7,1.0,32.0
2014.0,Indonesia,14.7,10.6,3.4,2216.0,8.09753207E8,34.5,6.0,16.4
2021.0,South Africa,12.5,7.8,2.6,2997.0,3.06103394E8,15.5,9.0,51.3
2014.0,Indonesia,14.9,15.7,1.5,2516.0,1.305532079E9,43.9,9.0,68.7
2023.0,Japan,4.7,27.7,1.1,1286.0,1.368121693E9,18.9,1.0,53.6
2010.0,China,13.5,13.3,3.5,772.0,4.00506741E8,36.2,0.0,65.7
2015.0,France,10.2,14.4,4.2,2527.0,6.18908216E8,5.7,13.0,58.3
2016.0,Australia,15.0,24.3,4.4,676.0,3.21328118E8,21.8,4.0,19.8
2003.0,UK,6.9,10.9,2.9,1142.0,4.50513176E8,20.8,11.0,25.0
2000.0,South Africa,17.9,31.9,4.1,2398.0,6.4497807E7,29.5,12.0,30.5
2007.0,Germany,2.1,20.6,3.7,1066.0,5.7953426E7,8.3,0.0,20.1
2016.0,Mexico,16.2,18.4,3.9,1165.0,1.270499456E9,40.6,0.0,44.9
2002.0,Canada,17.3,21.7,3.0,1831.0,4.61516676E8,14.8,14.0,68.5
2019.0,China,16.4,10.0,3.5,2298.0,6.08237759E8,35.5,0.0,55.7
2014.0,South Africa,10.5,23.4,4.2,1569.0,5.60722005E8,41.1,5.0,35.4
2014.0,Indonesia,9.0,15.9,2.6,2849.0,6.17022634E8,30.3,8.0,10.3
2023.0,France,19.9,31.9,4.2,907.0,1.004488364E9,38.3,9.0,28.8
2021.0,Japan,5.0,10.1,3.4,1712.0,8.47894451E8,34.8,12.0,41.6
2013.0,Brazil,11.2,20.2,1.7,2353.0,4.20231924E8,21.0,10.0,29.5
2022.0,UK,13.6,22.9,1.1,1652.0,1.94197411E8,41.4,11.0,16.7
2013.0,Canada,14.2,6.0,2.5,1641.0,7.17609187E8,18.3,0.0,36.6
2023.0,France,4.5,15.9,3.2,643.0,3.73729923E8,30.7,4.0,25.2
2001.0,France,13.3,27.0,4.4,2989.0,1.018260723E9,38.5,14.0,64.6
2012.0,South Africa,16.5,29.6,1.5,986.0,1.381708532E9,22.1,8.0,16.1
2013.0,China,1.5,14.4,4.2,1359.0,7.09386257E8,18.6,13.0,12.9
2023.0,Argentina,18.3,29.0,4.5,2435.0,5.36217615E8,25.7,8.0,10.3
2018.0,Canada,1.1,34.0,1.6,647.0,6.70245096E8,41.8,0.0,29.7
2006.0,UK,7.4,30.7,4.4,1859.0,1.61097813E8,46.8,7.0,49.6
2002.0,India,0.8,8.5,5.0,1857.0,9.86237569E8,29.5,0.0,53.8
2014.0,Australia,2.0,27.2,3.9,589.0,7.61742932E8,34.8,14.0,37.2
2022.0,India,18.3,14.6,4.1,1857.0,9.38604707E8,45.6,7.0,51.1
2013.0,Argentina,7.4,34.7,5.0,698.0,7.85566655E8,9.4,0.0,31.6
2010.0,Indonesia,8.8,19.6,3.4,1037.0,2.35905387E8,15.4,11.0,50.1
2014.0,Indonesia,4.7,8.7,2.2,800.0,5.5390839E8,36.9,4.0,12.4
2012.0,Mexico,12.1,26.8,4.4,1223.0,7.689227E7,42.1,7.0,33.4
2017.0,Canada,12.1,14.7,3.5,2098.0,1.143896678E9,43.6,5.0,57.5
2005.0,India,7.8,34.9,3.3,1959.0,4.42386268E8,23.7,8.0,58.2
2002.0,Indonesia,7.0,34.4,2.0,567.0,1.68531317E8,9.0,0.0,53.0
2018.0,Argentina,17.8,24.7,4.0,2037.0,7.40582553E8,24.7,8.0,22.3
2014.0,South Africa,8.0,8.9,1.3,897.0,4.6184187E7,15.4,0.0,24.8
2022.0,USA,10.1,25.6,4.7,1119.0,2.99488478E8,18.1,9.0,69.8
2004.0,Japan,6.0,7.8,2.3,2084.0,6.04837682E8,39.8,9.0,16.2
2009.0,USA,15.8,5.9,1.5,1663.0,7.03726244E8,8.4,2.0,20.8
2006.0,Russia,8.3,29.7,2.8,1229.0,7.88798529E8,42.2,0.0,17.8
2016.0,UK,10.5,11.3,1.2,1055.0,8.24678707E8,24.2,2.0,29.7
2006.0,India,5.4,16.4,3.7,2452.0,3.0380783E7,31.8,11.0,22.6
2021.0,Mexico,19.8,34.2,4.6,2251.0,7.49585197E8,9.0,10.0,39.9
2011.0,Russia,6.2,15.1,4.3,2829.0,7.9836816E8,20.2,12.0,38.6
2016.0,Indonesia,15.5,13.9,1.5,1495.0,9.72853753E8,9.0,1.0,64.1
2012.0,Brazil,8.8,32.5,1.5,2459.0,8.02778534E8,48.3,1.0,12.1
2019.0,Germany,4.5,8.3,4.3,2101.0,5.67106041E8,41.3,8.0,29.2
2003.0,Brazil,16.1,27.8,4.7,1980.0,1.04731755E9,25.7,7.0,45.8
2009.0,Argentina,7.0,34.6,2.8,2634.0,1.283287571E9,15.1,0.0,46.3
2002.0,Canada,17.4,32.0,3.0,1602.0,1.182222401E9,47.0,11.0,38.8
2008.0,France,18.3,24.6,2.3,2851.0,4.60686642E8,20.5,13.0,58.9
2012.0,Japan,17.3,14.4,4.6,1903.0,9.61408872E8,12.2,3.0,13.8
2017.0,India,1.2,12.6,3.6,2677.0,1.206594322E9,30.3,12.0,58.9
2014.0,UK,15.9,29.6,2.2,1799.0,1.362964625E9,47.5,0.0,39.7
2003.0,Mexico,8.5,31.4,2.2,2222.0,5.62074315E8,5.2,0.0,18.0
2014.0,Mexico,17.5,20.8,4.6,1398.0,9.36223565E8,15.7,11.0,63.1
2021.0,UK,12.9,12.3,1.1,1706.0,3.37303115E8,47.2,11.0,49.0
2001.0,Argentina,16.8,8.4,2.3,2035.0,1.334032802E9,12.7,3.0,19.8
2014.0,China,10.2,7.6,3.2,577.0,3.16387268E8,10.1,1.0,12.0
2007.0,Indonesia,10.9,26.6,1.6,2032.0,1.12683816E9,30.7,2.0,18.5
2007.0,Germany,3.3,17.6,1.4,737.0,4.23388217E8,43.8,10.0,46.5
2016.0,Australia,15.8,32.2,4.3,1657.0,7.51679888E8,26.5,8.0,20.8
2011.0,Australia,8.7,27.2,4.6,2496.0,1.028924329E9,49.8,1.0,23.5
2018.0,Australia,10.3,10.7,4.3,1715.0,1.020760264E9,35.6,3.0,11.5
2009.0,India,15.8,23.4,4.6,777.0,5.34063088E8,8.3,0.0,53.4
2008.0,Australia,12.2,18.1,3.2,1023.0,1.086928352E9,49.7,1.0,58.6
2004.0,South Africa,4.4,22.3,4.2,679.0,2.89985187E8,23.4,4.0,57.8
2005.0,USA,12.0,27.1,2.5,622.0,1.152039496E9,17.9,13.0,17.7
2019.0,Mexico,8.4,29.2,3.7,1769.0,1.166786685E9,30.1,9.0,64.2
2001.0,Germany,9.7,30.3,5.0,2257.0,1.6901724E7,18.7,14.0,50.3
2023.0,USA,1.1,12.6,1.9,1594.0,5.72998076E8,8.9,0.0,63.9
2012.0,France,4.6,5.9,2.6,979.0,6.99195057E8,5.1,10.0,36.8
2005.0,Germany,6.0,27.2,2.9,2297.0,9.50422541E8,25.2,6.0,36.2
2004.0,USA,14.4,8.2,1.6,2631.0,1.105460942E9,42.7,3.0,57.1
2000.0,Germany,0.7,14.4,1.3,2904.0,1.357011909E9,30.8,5.0,15.6
2020.0,France,8.5,5.1,4.3,1315.0,9.43264951E8,50.0,7.0,41.3
2021.0,Russia,18.5,25.5,4.9,942.0,1.252394217E9,17.9,12.0,60.2
2020.0,South Africa,2.7,10.0,2.6,642.0,1.21780956E8,17.6,5.0,59.8
2005.0,India,10.6,24.7,1.4,691.0,7.76502158E8,12.2,13.0,67.4
2005.0,India,15.8,34.8,1.3,1910.0,1.287584579E9,12.4,1.0,51.9
2022.0,Argentina,18.9,7.2,4.6,877.0,5.45401489E8,17.8,0.0,22.5
2015.0,UK,15.1,7.3,2.9,1034.0,6.28479992E8,40.7,7.0,11.2
2003.0,Indonesia,14.6,15.2,2.3,2216.0,4.11423216E8,45.8,7.0,38.8
2010.0,Mexico,16.6,31.0,2.9,1532.0,1.388289771E9,48.9,8.0,40.8
2023.0,Australia,9.2,11.5,2.3,1910.0,1.010451727E9,15.5,5.0,24.4
2022.0,South Africa,16.2,15.8,3.0,2640.0,6.55042381E8,44.7,11.0,17.5
2008.0,Brazil,0.7,7.1,4.4,2489.0,4.13504125E8,19.8,0.0,45.2
2022.0,Australia,18.5,27.9,3.4,1677.0,7.48156329E8,10.1,13.0,55.9
2002.0,Indonesia,9.1,17.2,3.8,904.0,4.62496639E8,44.2,8.0,69.6
2018.0,Mexico,11.3,27.8,2.5,1672.0,1.99412389E8,33.6,11.0,55.5
2007.0,Canada,5.5,32.1,4.0,1388.0,7.3639916E7,12.4,12.0,57.6
2004.0,Indonesia,15.0,12.0,3.7,921.0,3.42865321E8,24.3,14.0,47.0
2003.0,South Africa,2.0,29.2,1.5,2141.0,1.159052094E9,17.9,13.0,69.2
2023.0,USA,17.5,6.8,3.3,971.0,7.62718291E8,38.2,2.0,48.4
2005.0,Germany,16.6,32.0,2.0,1046.0,1.374002297E9,25.4,10.0,61.6
2001.0,UK,4.7,24.5,4.2,1130.0,3.1249071E7,49.5,5.0,66.7
2019.0,UK,16.3,31.2,2.7,1537.0,1.313095544E9,7.5,9.0,65.8
2010.0,Brazil,15.8,5.0,5.0,2329.0,9.09090341E8,21.0,12.0,32.9
2003.0,South Africa,12.8,10.1,1.4,863.0,3.30834956E8,26.7,9.0,14.7
2014.0,France,7.8,16.7,4.1,2666.0,1.139899651E9,27.6,14.0,20.3
2005.0,Canada,5.8,16.4,3.7,1045.0,7.00477453E8,19.2,10.0,13.6
2021.0,France,5.0,11.8,4.1,1133.0,7.69315232E8,37.8,11.0,16.3
2016.0,India,6.7,16.4,2.2,2436.0,1.018037875E9,44.4,13.0,21.1
2023.0,Argentina,18.1,8.9,3.0,2180.0,3.61616455E8,47.2,14.0,30.5
2005.0,India,2.0,17.4,4.2,1462.0,1.3350251E7,41.2,8.0,42.6
2018.0,Indonesia,16.7,29.1,1.9,1382.0,1.160732321E9,43.3,10.0,52.7
2001.0,Australia,7.3,19.4,1.9,1370.0,1.268489003E9,29.8,12.0,22.7
2014.0,USA,10.7,5.5,3.2,1015.0,5.60097732E8,42.2,2.0,50.4
2010.0,Brazil,16.0,17.6,3.1,1920.0,5.84023989E8,18.7,4.0,52.3
2007.0,Indonesia,17.7,5.8,2.1,1365.0,2.66267433E8,22.9,12.0,43.5
2018.0,Japan,7.2,34.0,2.2,2653.0,7.04210527E8,19.3,13.0,64.2
2012.0,Canada,9.5,8.8,2.1,1608.0,1.007525728E9,26.0,4.0,16.7
2011.0,UK,8.6,26.2,4.1,713.0,1.287012541E9,17.9,9.0,20.6
2004.0,Canada,0.8,34.2,3.6,2744.0,9.4344322E7,48.3,6.0,35.7
2005.0,Indonesia,6.3,29.8,4.3,518.0,4.31162461E8,19.1,3.0,17.6
2021.0,Indonesia,9.5,26.0,4.9,1141.0,9.16703921E8,9.4,10.0,44.0
2003.0,South Africa,8.5,30.2,2.9,1604.0,1.168018187E9,28.7,3.0,33.9
2018.0,Australia,14.6,34.5,1.3,829.0,1.211016796E9,7.6,6.0,27.1
2019.0,India,8.0,23.6,1.2,1365.0,1.358019778E9,10.0,8.0,20.2
2000.0,UK,10.0,21.8,2.2,1273.0,8.76123161E8,14.9,14.0,30.1
2019.0,Argentina,8.9,23.8,4.7,891.0,1.120533308E9,25.9,10.0,46.5
2016.0,Australia,14.9,21.0,3.1,1136.0,3.80662109E8,24.5,3.0,44.5
2011.0,Germany,17.3,24.1,2.1,2854.0,3.98407112E8,41.0,3.0,19.8
