Year,Country,Avg_Temperature_C,CO2_Emissions,Sea_Level_Rise_mm,Rainfall_mm,Extreme_Weather_Events,Temp_Anomaly,CO2_Anomaly,SeaLevel_Anomaly,Rainfall_Anomaly,Anomaly_Score,Extreme_Record
2006.0,UK,8.9,9.3,3.1,1441.0,14.0,0,0,0,0,0,0
2019.0,USA,31.0,4.8,4.2,2407.0,8.0,0,0,0,0,0,0
2014.0,France,33.9,2.8,2.2,1241.0,9.0,0,0,0,0,0,0
2010.0,Argentina,5.9,1.8,3.2,1892.0,7.0,0,0,0,0,0,0
2007.0,Germany,26.9,5.6,2.4,1743.0,4.0,0,0,0,0,0,0
2020.0,China,32.3,1.4,2.7,2100.0,12.0,0,0,0,0,0,0
2006.0,Argentina,30.7,11.6,3.9,1755.0,10.0,0,0,0,0,0,0
2018.0,South Africa,33.9,6.0,4.5,827.0,1.0,0,0,0,0,0,0
2022.0,UK,27.8,16.6,1.5,1966.0,4.0,0,0,0,0,0,0
2010.0,Australia,18.3,1.9,3.5,2599.0,5.0,0,0,0,0,0,0
2010.0,Indonesia,14.4,4.9,3.3,2466.0,13.0,0,0,0,0,0,0
2023.0,South Africa,14.6,14.7,1.5,875.0,14.0,0,0,0,0,0,0
2020.0,Brazil,26.7,12.2,1.8,762.0,0.0,0,0,0,0,0,0
2003.0,USA,27.4,1.8,2.2,766.0,10.0,0,0,0,0,0,0
2007.0,Germany,11.0,17.6,1.7,2906.0,3.0,0,0,0,0,0,0
2023.0,India,31.0,17.6,2.0,2444.0,8.0,0,0,0,0,0,0
2002.0,Russia,26.4,6.9,2.1,2393.0,1.0,0,0,0,0,0,0
2021.0,France,21.9,7.1,2.3,2401.0,4.0,0,0,0,0,0,0
2020.0,China,19.1,19.8,4.0,2152.0,0.0,0,0,0,0,0,0
2001.0,Canada,21.3,12.7,3.3,1944.0,3.0,0,0,0,0,0,0
2023.0,France,9.8,10.9,4.9,545.0,3.0,0,0,0,0,0,0
2011.0,Mexico,11.1,16.8,2.7,1099.0,5.0,0,0,0,0,0,0
2005.0,India,7.7,6.1,4.0,1219.0,9.0,0,0,0,0,0,0
2001.0,Indonesia,9.6,8.9,4.5,2412.0,8.0,0,0,0,0,0,0
2020.0,Russia,18.6,5.7,3.7,1792.0,2.0,0,0,0,0,0,0
2000.0,India,20.9,15.9,2.6,1100.0,8.0,0,0,0,0,0,0
2011.0,Australia,5.5,11.7,4.0,880.0,5.0,0,0,0,0,0,0
2021.0,USA,28.9,13.3,1.8,617.0,6.0,0,0,0,0,0,0
2011.0,UK,13.8,5.4,2.3,2663.0,11.0,0,0,0,0,0,0
2016.0,China,32.4,4.8,3.2,759.0,9.0,0,0,0,0,0,0
2009.0,Japan,34.0,10.0,3.3,1598.0,1.0,0,0,0,0,0,0
2015.0,USA,10.6,14.9,1.1,2003.0,10.0,0,0,0,0,0,0
2014.0,Japan,18.9,10.7,4.8,2852.0,9.0,0,0,0,0,0,0
2014.0,South Africa,5.0,1.1,3.8,2554.0,13.0,0,0,0,0,0,0
2018.0,UK,22.9,17.4,3.0,865.0,5.0,0,0,0,0,0,0
2011.0,Russia,23.2,1.8,4.7,2157.0,5.0,0,0,0,0,0,0
2022.0,Germany,12.4,19.1,2.8,1961.0,1.0,0,0,0,0,0,0
2019.0,Canada,21.8,1.0,4.9,2524.0,1.0,0,0,0,0,0,0
2002.0,Brazil,11.8,14.0,3.0,2976.0,13.0,0,0,0,0,0,0
2004.0,Argentina,9.8,2.1,1.5,1290.0,1.0,0,0,0,0,0,0
2018.0,UK,24.5,18.3,4.1,1246.0,9.0,0,0,0,0,0,0
2006.0,USA,14.8,9.6,3.7,2914.0,11.0,0,0,0,0,0,0
2020.0,China,22.7,3.2,4.1,812.0,0.0,0,0,0,0,0,0
2008.0,Argentina,18.0,7.1,4.8,1037.0,4.0,0,0,0,0,0,0
2006.0,Mexico,34.5,3.7,4.1,1420.0,7.0,0,0,0,0,0,0
2017.0,Mexico,9.5,3.8,3.4,1577.0,1.0,0,0,0,0,0,0
2003.0,India,18.9,19.0,4.4,1990.0,12.0,0,0,0,0,0,0
2013.0,Argentina,25.4,9.2,3.7,2881.0,14.0,0,0,0,0,0,0
2017.0,China,16.9,15.9,2.6,1297.0,4.0,0,0,0,0,0,0
2008.0,Russia,34.2,13.0,4.5,847.0,11.0,0,0,0,0,0,0
2020.0,South Africa,26.7,13.7,1.9,772.0,7.0,0,0,0,0,0,0
2001.0,Japan,24.7,3.1,3.9,1219.0,9.0,0,0,0,0,0,0
2019.0,India,27.7,5.1,4.5,2273.0,13.0,0,0,0,0,0,0
2014.0,Mexico,33.6,15.8,3.9,1184.0,4.0,0,0,0,0,0,0
2006.0,Brazil,32.2,19.4,3.8,2626.0,1.0,0,0,0,0,0,0
2011.0,Brazil,26.7,5.6,4.0,1121.0,2.0,0,0,0,0,0,0
2007.0,USA,27.5,5.8,2.9,2539.0,14.0,0,0,0,0,0,0
2014.0,Russia,9.4,9.7,4.5,1446.0,5.0,0,0,0,0,0,0
2002.0,Germany,8.1,19.7,1.8,2905.0,10.0,0,0,0,0,0,0
2013.0,Mexico,22.1,5.7,1.5,1006.0,10.0,0,0,0,0,0,0
2016.0,Indonesia,5.6,8.4,2.1,2082.0,4.0,0,0,0,0,0,0
2003.0,Russia,19.5,17.9,3.1,743.0,10.0,0,0,0,0,0,0
2017.0,South Africa,11.3,0.6,3.0,1005.0,3.0,0,0,0,0,0,0
2007.0,Japan,15.4,1.3,4.3,921.0,3.0,0,0,0,0,0,0
2003.0,China,28.3,12.3,2.6,2764.0,4.0,0,0,0,0,0,0
2001.0,Argentina,33.2,18.2,2.9,2372.0,1.0,0,0,0,0,0,0
2005.0,Mexico,7.2,5.2,1.1,1692.0,8.0,0,0,0,0,0,0
2021.0,Argentina,21.0,9.7,2.6,829.0,1.0,0,0,0,0,0,0
2009.0,Brazil,31.5,9.3,3.6,1149.0,9.0,0,0,0,0,0,0
2003.0,China,7.5,9.7,1.1,1964.0,1.0,0,0,0,0,0,0
2021.0,China,29.7,12.6,2.1,890.0,9.0,0,0,0,0,0,0
2017.0,China,15.7,9.7,1.8,2019.0,13.0,0,0,0,0,0,0
2011.0,Brazil,14.7,9.2,1.2,880.0,8.0,0,0,0,0,0,0
2001.0,South Africa,34.3,9.7,2.9,1241.0,13.0,0,0,0,0,0,0
2009.0,Argentina,11.0,12.0,1.7,2510.0,2.0,0,0,0,0,0,0
2003.0,France,25.8,11.0,4.0,1319.0,14.0,0,0,0,0,0,0
2013.0,Argentina,29.6,17.2,4.4,1172.0,9.0,0,0,0,0,0,0
2015.0,Australia,6.2,1.5,3.2,2271.0,6.0,0,0,0,0,0,0
2014.0,Japan,25.1,16.7,4.9,1711.0,3.0,0,0,0,0,0,0
2007.0,Indonesia,33.5,17.0,2.8,1429.0,12.0,0,0,0,0,0,0
2013.0,France,8.7,6.1,3.1,2039.0,12.0,0,0,0,0,0,0
2022.0,Japan,31.9,9.5,5.0,1412.0,5.0,0,0,0,0,0,0
2007.0,India,22.8,9.1,1.9,1143.0,13.0,0,0,0,0,0,0
2020.0,Russia,23.5,4.8,4.8,926.0,3.0,0,0,0,0,0,0
2015.0,Russia,23.4,8.2,1.2,1001.0,9.0,0,0,0,0,0,0
2012.0,Canada,14.0,1.4,2.8,1229.0,14.0,0,0,0,0,0,0
2017.0,Russia,33.1,5.9,1.3,1783.0,6.0,0,0,0,0,0,0
2014.0,Argentina,33.4,16.4,3.9,2618.0,0.0,0,0,0,0,0,0
2020.0,Brazil,23.8,6.0,3.4,956.0,2.0,0,0,0,0,0,0
2023.0,Indonesia,28.5,16.5,3.8,2736.0,12.0,0,0,0,0,0,0
2012.0,Germany,23.4,10.9,2.5,790.0,2.0,0,0,0,0,0,0
2008.0,USA,19.5,17.7,2.5,1419.0,0.0,0,0,0,0,0,0
2014.0,Canada,24.8,11.7,1.2,2839.0,5.0,0,0,0,0,0,0
2012.0,UK,21.6,1.1,2.4,2469.0,14.0,0,0,0,0,0,0
2000.0,UK,22.9,13.7,4.7,1255.0,12.0,0,0,0,0,0,0
2006.0,USA,28.5,1.4,2.5,2158.0,10.0,0,0,0,0,0,0
2008.0,Japan,19.4,9.3,4.3,2334.0,13.0,0,0,0,0,0,0
2023.0,USA,6.2,18.6,4.4,1806.0,8.0,0,0,0,0,0,0
2000.0,USA,9.9,3.7,2.5,2067.0,7.0,0,0,0,0,0,0
2011.0,UK,18.2,8.1,3.5,2369.0,10.0,0,0,0,0,0,0
2007.0,Canada,26.7,14.7,1.4,876.0,6.0,0,0,0,0,0,0
2023.0,India,22.8,17.7,1.4,1679.0,9.0,0,0,0,0,0,0
2010.0,Argentina,24.5,13.6,1.2,1007.0,7.0,0,0,0,0,0,0
2018.0,China,19.4,5.5,3.3,1936.0,5.0,0,0,0,0,0,0
2016.0,Russia,23.5,13.7,2.7,1058.0,8.0,0,0,0,0,0,0
2007.0,Russia,14.9,6.3,3.2,2807.0,2.0,0,0,0,0,0,0
2002.0,Brazil,19.1,14.5,3.1,920.0,14.0,0,0,0,0,0,0
2002.0,Canada,27.3,19.1,2.4,2052.0,9.0,0,0,0,0,0,0
2000.0,Brazil,31.2,14.6,3.7,803.0,9.0,0,0,0,0,0,0
2004.0,Germany,18.0,17.3,4.0,1441.0,8.0,0,0,0,0,0,0
2009.0,Germany,6.3,0.5,1.1,1801.0,3.0,0,0,0,0,0,0
2006.0,Brazil,9.9,14.5,1.8,1589.0,6.0,0,0,0,0,0,0
2008.0,Canada,5.6,16.7,3.9,2655.0,14.0,0,0,0,0,0,0
2006.0,Brazil,24.6,1.3,2.5,2815.0,12.0,0,0,0,0,0,0
2008.0,Russia,15.0,17.5,3.6,2769.0,8.0,0,0,0,0,0,0
2007.0,France,21.3,5.5,2.4,2327.0,1.0,0,0,0,0,0,0
2011.0,Australia,19.8,13.5,2.6,2053.0,1.0,0,0,0,0,0,0
2001.0,UK,7.4,16.1,1.6,1192.0,8.0,0,0,0,0,0,0
2000.0,UK,17.1,13.4,2.0,754.0,11.0,0,0,0,0,0,0
2015.0,Indonesia,11.6,2.3,3.4,1978.0,12.0,0,0,0,0,0,0
2022.0,USA,17.6,12.1,2.7,2800.0,2.0,0,0,0,0,0,0
2022.0,Australia,11.1,11.2,4.1,756.0,8.0,0,0,0,0,0,0
2023.0,Argentina,30.2,18.1,4.4,2930.0,12.0,0,0,0,0,0,0
2004.0,Canada,10.2,8.4,3.2,941.0,14.0,0,0,0,0,0,0
2002.0,South Africa,33.8,6.8,4.0,2381.0,4.0,0,0,0,0,0,0
2011.0,Australia,17.5,15.1,2.2,1613.0,5.0,0,0,0,0,0,0
2007.0,Indonesia,30.4,8.5,2.7,2937.0,1.0,0,0,0,0,0,0
2021.0,Germany,23.9,13.1,3.9,1081.0,7.0,0,0,0,0,0,0
2002.0,Japan,27.1,13.1,2.5,2235.0,10.0,0,0,0,0,0,0
2000.0,USA,28.0,17.8,3.4,518.0,8.0,0,0,0,0,0,0
2002.0,Indonesia,20.1,12.2,1.7,1624.0,1.0,0,0,0,0,0,0
2004.0,China,21.3,10.3,3.4,1880.0,5.0,0,0,0,0,0,0
2014.0,South Africa,20.4,3.2,4.4,2065.0,5.0,0,0,0,0,0,0
2013.0,Canada,22.6,2.8,4.5,2580.0,7.0,0,0,0,0,0,0
2002.0,USA,5.9,3.5,3.9,2493.0,9.0,0,0,0,0,0,0
2000.0,Argentina,16.9,3.9,4.0,2047.0,11.0,0,0,0,0,0,0
2004.0,Australia,23.2,12.9,3.2,1361.0,4.0,0,0,0,0,0,0
2022.0,Germany,22.9,14.9,3.3,654.0,8.0,0,0,0,0,0,0
2013.0,India,28.8,10.8,1.5,1404.0,0.0,0,0,0,0,0,0
2006.0,France,24.7,16.7,2.8,1769.0,8.0,0,0,0,0,0,0
2008.0,China,34.8,19.8,2.8,904.0,9.0,0,0,0,0,0,0
2014.0,South Africa,13.5,16.5,4.8,1343.0,6.0,0,0,0,0,0,0
2014.0,France,15.8,14.1,2.7,2282.0,3.0,0,0,0,0,0,0
2009.0,USA,16.5,10.9,3.2,2064.0,2.0,0,0,0,0,0,0
2012.0,Germany,19.0,9.3,3.1,1684.0,13.0,0,0,0,0,0,0
2018.0,Germany,30.1,2.1,3.5,1246.0,9.0,0,0,0,0,0,0
2006.0,Indonesia,12.1,8.3,4.0,2225.0,14.0,0,0,0,0,0,0
2016.0,UK,28.3,18.2,1.9,770.0,10.0,0,0,0,0,0,0
2019.0,UK,17.2,16.3,3.1,1269.0,13.0,0,0,0,0,0,0
2003.0,Australia,23.1,4.7,4.3,2215.0,5.0,0,0,0,0,0,0
2004.0,Indonesia,24.0,9.6,2.9,2010.0,11.0,0,0,0,0,0,0
2022.0,Russia,16.2,16.4,2.1,671.0,12.0,0,0,0,0,0,0
2006.0,Australia,20.4,1.8,3.6,773.0,0.0,0,0,0,0,0,0
2012.0,Russia,17.4,8.1,4.3,2806.0,2.0,0,0,0,0,0,0
2014.0,UK,7.1,17.1,1.3,1658.0,1.0,0,0,0,0,0,0
2010.0,Indonesia,18.1,8.4,4.1,2206.0,10.0,0,0,0,0,0,0
2003.0,Russia,7.9,2.0,4.3,2271.0,12.0,0,0,0,0,0,0
2012.0,China,17.2,11.1,2.8,921.0,8.0,0,0,0,0,0,0
2006.0,Indonesia,22.8,17.3,4.9,1944.0,2.0,0,0,0,0,0,0
2018.0,UK,22.4,12.0,4.1,1709.0,12.0,0,0,0,0,0,0
2021.0,Australia,24.9,4.9,4.1,2911.0,1.0,0,0,0,0,0,0
2001.0,Mexico,7.9,8.0,4.0,2925.0,3.0,0,0,0,0,0,0
2009.0,Indonesia,24.6,9.3,1.6,1079.0,14.0,0,0,0,0,0,0
2012.0,India,14.4,11.8,1.9,1390.0,13.0,0,0,0,0,0,0
2020.0,South Africa,17.0,15.3,2.9,1221.0,1.0,0,0,0,0,0,0
2005.0,UK,30.7,2.4,2.1,1380.0,0.0,0,0,0,0,0,0
2011.0,Brazil,5.3,17.8,2.7,1621.0,5.0,0,0,0,0,0,0
2011.0,Brazil,22.7,0.7,4.6,2507.0,14.0,0,0,0,0,0,0
2019.0,Australia,23.0,7.7,4.3,2569.0,9.0,0,0,0,0,0,0
2010.0,Australia,16.9,1.0,3.5,1973.0,7.0,0,0,0,0,0,0
2022.0,France,12.1,8.2,4.4,882.0,9.0,0,0,0,0,0,0
2006.0,South Africa,12.0,10.8,4.1,2681.0,9.0,0,0,0,0,0,0
2000.0,South Africa,31.5,10.5,2.7,1949.0,1.0,0,0,0,0,0,0
2000.0,China,18.3,3.7,1.8,2090.0,13.0,0,0,0,0,0,0
2019.0,Australia,14.9,13.1,3.1,2286.0,8.0,0,0,0,0,0,0
2012.0,South Africa,18.5,1.4,3.9,643.0,14.0,0,0,0,0,0,0
2008.0,Argentina,25.1,15.4,2.7,2386.0,12.0,0,0,0,0,0,0
2002.0,France,9.4,19.0,3.7,2202.0,2.0,0,0,0,0,0,0
2006.0,Russia,18.5,7.1,1.4,1935.0,7.0,0,0,0,0,0,0
2005.0,Germany,22.6,10.6,4.0,723.0,11.0,0,0,0,0,0,0
2007.0,Germany,33.5,7.9,4.3,719.0,7.0,0,0,0,0,0,0
2008.0,Russia,12.6,0.6,3.8,678.0,14.0,0,0,0,0,0,0
2004.0,Canada,15.8,8.0,4.9,2154.0,2.0,0,0,0,0,0,0
2000.0,UK,16.4,15.9,4.3,932.0,2.0,0,0,0,0,0,0
2018.0,France,23.2,12.1,4.6,764.0,11.0,0,0,0,0,0,0
2009.0,Argentina,15.7,2.5,4.7,1453.0,14.0,0,0,0,0,0,0
2011.0,South Africa,21.0,17.0,4.2,928.0,5.0,0,0,0,0,0,0
2023.0,Mexico,28.5,10.9,3.7,2963.0,0.0,0,0,0,0,0,0
2014.0,France,26.2,16.9,1.0,2744.0,3.0,0,0,0,0,0,0
2021.0,Indonesia,18.4,11.8,2.9,2077.0,0.0,0,0,0,0,0,0
2023.0,Russia,30.9,11.4,3.3,979.0,13.0,0,0,0,0,0,0
2008.0,Argentina,21.7,2.6,2.2,1853.0,2.0,0,0,0,0,0,0
2019.0,India,21.2,3.8,2.3,1389.0,8.0,0,0,0,0,0,0
2016.0,Japan,6.0,19.5,4.8,1424.0,13.0,0,0,0,0,0,0
2016.0,USA,34.6,5.0,4.6,2670.0,13.0,0,0,0,0,0,0
2019.0,UK,8.7,19.6,4.4,2402.0,4.0,0,0,0,0,0,0
2011.0,Russia,11.9,10.9,2.6,1910.0,11.0,0,0,0,0,0,0
2006.0,Mexico,6.6,3.1,1.1,1862.0,4.0,0,0,0,0,0,0
2001.0,South Africa,24.2,2.4,1.3,1277.0,10.0,0,0,0,0,0,0
2002.0,Mexico,11.7,4.6,2.2,2895.0,3.0,0,0,0,0,0,0
2016.0,Mexico,10.4,18.5,1.1,528.0,2.0,0,0,0,0,0,0
2004.0,Australia,7.7,8.6,1.1,534.0,4.0,0,0,0,0,0,0
2016.0,Australia,8.1,8.2,4.7,1919.0,14.0,0,0,0,0,0,0
2023.0,China,22.5,6.6,3.8,1088.0,13.0,0,0,0,0,0,0
2016.0,Russia,25.6,3.4,2.2,1403.0,10.0,0,0,0,0,0,0
2016.0,China,16.9,10.0,1.5,2669.0,3.0,0,0,0,0,0,0
2001.0,Russia,19.4,3.0,3.0,839.0,7.0,0,0,0,0,0,0
2001.0,UK,25.6,16.8,1.0,674.0,3.0,0,0,0,0,0,0
2021.0,France,5.5,7.7,4.8,2423.0,10.0,0,0,0,0,0,0
2022.0,USA,14.7,7.8,2.7,2214.0,11.0,0,0,0,0,0,0
2004.0,Mexico,34.2,9.7,2.6,1096.0,7.0,0,0,0,0,0,0
2000.0,UK,22.4,9.2,2.6,950.0,5.0,0,0,0,0,0,0
2000.0,France,12.6,19.9,1.3,1056.0,14.0,0,0,0,0,0,0
2018.0,Japan,20.7,11.1,3.6,1659.0,13.0,0,0,0,0,0,0
2001.0,Germany,15.3,2.2,3.9,1856.0,11.0,0,0,0,0,0,0
2020.0,Brazil,21.0,12.3,3.7,2556.0,10.0,0,0,0,0,0,0
2011.0,Indonesia,8.8,3.5,1.6,2881.0,4.0,0,0,0,0,0,0
2005.0,Argentina,9.0,1.1,3.3,1516.0,3.0,0,0,0,0,0,0
2022.0,Russia,9.3,19.4,3.3,2874.0,3.0,0,0,0,0,0,0
2003.0,Japan,33.2,15.6,4.5,2562.0,11.0,0,0,0,0,0,0
2022.0,Germany,27.0,19.6,2.5,1338.0,3.0,0,0,0,0,0,0
2010.0,South Africa,9.9,9.8,2.5,2137.0,10.0,0,0,0,0,0,0
2023.0,Canada,10.7,10.9,3.5,725.0,12.0,0,0,0,0,0,0
2016.0,USA,26.9,3.8,3.5,2313.0,12.0,0,0,0,0,0,0
2005.0,Argentina,9.7,5.3,2.9,2660.0,8.0,0,0,0,0,0,0
2023.0,China,12.0,16.9,2.8,2520.0,3.0,0,0,0,0,0,0
2004.0,China,33.9,7.4,3.0,1951.0,11.0,0,0,0,0,0,0
2019.0,France,12.7,16.6,4.4,2548.0,8.0,0,0,0,0,0,0
2001.0,Argentina,24.8,14.3,2.8,2813.0,12.0,0,0,0,0,0,0
2005.0,Australia,34.4,4.0,4.8,2014.0,9.0,0,0,0,0,0,0
2021.0,Germany,16.2,10.4,3.0,1731.0,5.0,0,0,0,0,0,0
2010.0,Canada,5.5,13.7,4.8,2145.0,9.0,0,0,0,0,0,0
2015.0,Japan,12.3,5.1,4.3,2235.0,12.0,0,0,0,0,0,0
2015.0,USA,29.9,16.7,2.4,805.0,6.0,0,0,0,0,0,0
2000.0,UK,30.9,11.1,4.5,2559.0,11.0,0,0,0,0,0,0
2008.0,Germany,28.1,3.7,1.4,2223.0,9.0,0,0,0,0,0,0
2005.0,Canada,8.4,11.9,4.7,2189.0,2.0,0,0,0,0,0,0
2015.0,Brazil,28.9,20.0,3.5,2017.0,7.0,0,0,0,0,0,0
2002.0,Russia,32.6,3.4,1.2,1891.0,2.0,0,0,0,0,0,0
2019.0,UK,23.0,16.4,3.6,919.0,0.0,0,0,0,0,0,0
2003.0,China,33.2,4.5,4.9,2718.0,12.0,0,0,0,0,0,0
2018.0,UK,29.8,15.8,1.3,633.0,12.0,0,0,0,0,0,0
2002.0,Japan,25.0,14.8,3.2,2530.0,9.0,0,0,0,0,0,0
2018.0,China,22.3,6.4,4.0,1950.0,11.0,0,0,0,0,0,0
2019.0,Japan,15.5,6.9,4.2,2053.0,4.0,0,0,0,0,0,0
2006.0,France,9.8,16.0,2.7,1664.0,1.0,0,0,0,0,0,0
2019.0,Australia,23.1,9.5,1.8,2369.0,9.0,0,0,0,0,0,0
2008.0,Japan,14.5,14.8,1.2,2319.0,13.0,0,0,0,0,0,0
2000.0,China,31.0,3.4,3.3,1842.0,5.0,0,0,0,0,0,0
2007.0,France,34.8,17.1,2.8,1964.0,12.0,0,0,0,0,0,0
2006.0,Japan,27.6,14.4,4.8,2726.0,9.0,0,0,0,0,0,0
2017.0,Brazil,7.7,18.2,1.2,1579.0,8.0,0,0,0,0,0,0
2007.0,UK,13.7,3.1,3.7,1678.0,0.0,0,0,0,0,0,0
2000.0,Australia,8.3,12.1,1.1,2195.0,13.0,0,0,0,0,0,0
2010.0,Japan,24.5,12.2,1.7,610.0,12.0,0,0,0,0,0,0
2017.0,France,28.0,7.4,2.8,2684.0,3.0,0,0,0,0,0,0
2022.0,South Africa,32.8,9.4,2.8,2779.0,14.0,0,0,0,0,0,0
2009.0,Germany,18.1,1.2,3.7,967.0,0.0,0,0,0,0,0,0
2002.0,India,32.0,15.0,4.6,1313.0,0.0,0,0,0,0,0,0
2006.0,Canada,31.3,11.2,3.6,1772.0,7.0,0,0,0,0,0,0
2015.0,India,14.5,1.6,4.8,1493.0,13.0,0,0,0,0,0,0
2015.0,South Africa,31.1,13.8,4.5,2531.0,13.0,0,0,0,0,0,0
2019.0,India,16.3,9.6,3.3,822.0,12.0,0,0,0,0,0,0
2016.0,South Africa,13.9,1.2,4.3,1403.0,13.0,0,0,0,0,0,0
2001.0,USA,24.5,19.4,3.6,2041.0,10.0,0,0,0,0,0,0
2000.0,South Africa,14.9,19.0,1.3,2499.0,14.0,0,0,0,0,0,0
2015.0,South Africa,23.9,10.5,4.0,2315.0,1.0,0,0,0,0,0,0
2011.0,Mexico,23.3,2.3,1.4,2976.0,0.0,0,0,0,0,0,0
2004.0,South Africa,21.9,15.2,3.4,647.0,10.0,0,0,0,0,0,0
2004.0,Brazil,16.4,10.1,3.8,1641.0,7.0,0,0,0,0,0,0
2022.0,Germany,21.5,6.4,1.3,1349.0,3.0,0,0,0,0,0,0
2008.0,Russia,22.9,10.1,1.9,866.0,2.0,0,0,0,0,0,0
2008.0,Japan,21.4,10.7,4.7,1589.0,12.0,0,0,0,0,0,0
2002.0,Canada,18.3,11.5,3.5,2538.0,11.0,0,0,0,0,0,0
2018.0,Australia,5.4,9.1,2.0,674.0,3.0,0,0,0,0,0,0
2015.0,Germany,22.6,12.3,3.8,2354.0,13.0,0,0,0,0,0,0
2015.0,China,10.1,18.4,3.4,1087.0,10.0,0,0,0,0,0,0
2002.0,Russia,24.3,7.6,3.0,994.0,4.0,0,0,0,0,0,0
2019.0,USA,27.8,14.7,4.9,1637.0,0.0,0,0,0,0,0,0
2023.0,USA,20.0,17.9,3.7,2284.0,14.0,0,0,0,0,0,0
2021.0,Indonesia,21.3,9.4,2.5,1670.0,13.0,0,0,0,0,0,0
2023.0,UK,33.5,9.1,4.2,534.0,10.0,0,0,0,0,0,0
2000.0,South Africa,30.4,12.2,4.5,1498.0,0.0,0,0,0,0,0,0
2023.0,Germany,32.4,12.0,1.5,1832.0,2.0,0,0,0,0,0,0
2019.0,France,29.4,16.2,1.8,1537.0,5.0,0,0,0,0,0,0
2010.0,Mexico,8.3,9.8,1.9,873.0,0.0,0,0,0,0,0,0
2016.0,India,9.5,19.9,3.8,1951.0,13.0,0,0,0,0,0,0
2007.0,China,20.8,1.7,3.4,2251.0,10.0,0,0,0,0,0,0
2003.0,USA,12.4,0.6,3.5,2780.0,11.0,0,0,0,0,0,0
2005.0,Canada,19.3,13.0,4.8,1204.0,14.0,0,0,0,0,0,0
2007.0,USA,16.8,6.3,4.1,1062.0,1.0,0,0,0,0,0,0
2019.0,Australia,21.5,5.2,1.5,2373.0,14.0,0,0,0,0,0,0
2002.0,Japan,27.4,6.6,2.4,2623.0,11.0,0,0,0,0,0,0
2015.0,USA,26.5,5.5,2.7,938.0,13.0,0,0,0,0,0,0
2002.0,Australia,20.6,1.1,2.6,2383.0,6.0,0,0,0,0,0,0
2017.0,Germany,29.7,19.4,3.7,2479.0,13.0,0,0,0,0,0,0
2013.0,Germany,17.9,4.8,4.6,1198.0,13.0,0,0,0,0,0,0
2017.0,Mexico,31.9,14.8,2.2,1812.0,0.0,0,0,0,0,0,0
2001.0,UK,7.1,15.4,3.2,2063.0,12.0,0,0,0,0,0,0
2021.0,Indonesia,33.6,18.6,4.2,1191.0,13.0,0,0,0,0,0,0
2002.0,Russia,24.6,1.1,2.7,2800.0,14.0,0,0,0,0,0,0
2015.0,USA,16.4,17.5,1.7,1700.0,6.0,0,0,0,0,0,0
2008.0,Canada,10.9,10.8,2.9,2957.0,14.0,0,0,0,0,0,0
2003.0,USA,19.4,12.8,1.2,2134.0,3.0,0,0,0,0,0,0
2000.0,Indonesia,10.8,13.1,4.8,2133.0,9.0,0,0,0,0,0,0
2003.0,Argentina,10.0,16.5,1.3,626.0,13.0,0,0,0,0,0,0
2000.0,Canada,23.5,7.0,2.8,2006.0,5.0,0,0,0,0,0,0
2013.0,Brazil,20.7,14.8,3.1,1691.0,13.0,0,0,0,0,0,0
2020.0,South Africa,25.1,10.8,4.9,793.0,7.0,0,0,0,0,0,0
2015.0,Russia,32.9,16.0,1.7,1866.0,8.0,0,0,0,0,0,0
2019.0,Brazil,21.0,19.8,1.5,1519.0,5.0,0,0,0,0,0,0
2023.0,Argentina,22.4,4.4,1.0,2857.0,11.0,0,0,0,0,0,0
2007.0,Argentina,7.7,19.9,1.6,918.0,10.0,0,0,0,0,0,0
2006.0,Indonesia,26.5,2.3,1.8,943.0,12.0,0,0,0,0,0,0
2002.0,USA,17.0,0.5,3.5,1184.0,14.0,0,0,0,0,0,0
2016.0,Indonesia,34.3,1.4,1.9,2783.0,13.0,0,0,0,0,0,0
2000.0,Indonesia,29.7,7.2,1.1,1962.0,8.0,0,0,0,0,0,0
2015.0,Argentina,20.7,12.8,4.3,2761.0,3.0,0,0,0,0,0,0
2011.0,Russia,8.7,1.8,2.5,584.0,5.0,0,0,0,0,0,0
2018.0,Brazil,30.8,0.6,2.4,2267.0,7.0,0,0,0,0,0,0
2021.0,India,29.0,18.8,2.2,584.0,8.0,0,0,0,0,0,0
2022.0,USA,10.5,16.5,4.9,2444.0,2.0,0,0,0,0,0,0
2021.0,Argentina,13.9,16.3,1.7,2612.0,1.0,0,0,0,0,0,0
2013.0,Brazil,28.8,17.7,4.6,2169.0,5.0,0,0,0,0,0,0
2005.0,UK,10.6,14.2,4.1,1162.0,3.0,0,0,0,0,0,0
2005.0,India,32.5,2.5,1.3,1126.0,0.0,0,0,0,0,0,0
2012.0,India,17.7,8.3,4.9,563.0,7.0,0,0,0,0,0,0
2018.0,Germany,7.6,14.6,2.1,1418.0,8.0,0,0,0,0,0,0
2021.0,Mexico,29.5,6.0,1.4,1875.0,13.0,0,0,0,0,0,0
2007.0,USA,16.2,13.9,4.3,1681.0,8.0,0,0,0,0,0,0
2001.0,India,20.8,1.0,3.8,2112.0,1.0,0,0,0,0,0,0
2020.0,Argentina,8.4,6.5,3.5,990.0,8.0,0,0,0,0,0,0
2000.0,Germany,5.1,11.2,1.6,2378.0,6.0,0,0,0,0,0,0
2014.0,Brazil,24.1,12.8,2.9,2440.0,4.0,0,0,0,0,0,0
2000.0,UK,20.5,11.8,4.1,812.0,6.0,0,0,0,0,0,0
2004.0,Australia,22.8,14.1,2.2,1418.0,12.0,0,0,0,0,0,0
2015.0,USA,28.8,0.6,2.2,2382.0,8.0,0,0,0,0,0,0
2018.0,Russia,24.4,2.5,1.0,1312.0,7.0,0,0,0,0,0,0
2003.0,Indonesia,10.2,17.4,1.7,1989.0,5.0,0,0,0,0,0,0
2002.0,Canada,15.8,13.8,4.5,1826.0,12.0,0,0,0,0,0,0
2016.0,Canada,32.2,2.7,2.8,1179.0,3.0,0,0,0,0,0,0
2016.0,Brazil,28.1,16.9,4.9,934.0,12.0,0,0,0,0,0,0
2011.0,France,21.7,5.2,2.6,1181.0,14.0,0,0,0,0,0,0
2013.0,France,12.7,9.8,3.9,1658.0,0.0,0,0,0,0,0,0
2020.0,Brazil,14.1,3.3,2.1,1573.0,5.0,0,0,0,0,0,0
2005.0,Argentina,27.0,14.3,2.5,1955.0,2.0,0,0,0,0,0,0
2002.0,India,30.5,13.5,1.8,2887.0,5.0,0,0,0,0,0,0
2008.0,Mexico,25.1,4.6,2.4,2894.0,5.0,0,0,0,0,0,0
2004.0,USA,29.3,17.3,3.2,1870.0,13.0,0,0,0,0,0,0
2023.0,Canada,28.0,8.3,5.0,1148.0,3.0,0,0,0,0,0,0
2016.0,Canada,9.5,6.2,3.7,744.0,1.0,0,0,0,0,0,0
2013.0,Mexico,17.7,3.5,1.8,2656.0,14.0,0,0,0,0,0,0
2020.0,India,9.6,5.7,1.2,795.0,8.0,0,0,0,0,0,0
2002.0,Canada,12.1,0.9,1.5,2659.0,1.0,0,0,0,0,0,0
2000.0,Indonesia,31.1,11.9,3.3,2112.0,2.0,0,0,0,0,0,0
2019.0,Russia,19.2,16.9,4.1,2890.0,9.0,0,0,0,0,0,0
2020.0,USA,21.1,11.2,4.8,2648.0,0.0,0,0,0,0,0,0
2022.0,Japan,10.4,4.8,1.1,2127.0,6.0,0,0,0,0,0,0
2000.0,Canada,14.4,1.2,3.1,527.0,14.0,0,0,0,0,0,0
2002.0,Brazil,11.9,4.7,2.9,2485.0,0.0,0,0,0,0,0,0
2017.0,Russia,11.2,8.6,3.6,2060.0,10.0,0,0,0,0,0,0
2009.0,Canada,24.1,15.3,3.2,557.0,8.0,0,0,0,0,0,0
2021.0,South Africa,12.7,4.2,3.7,2021.0,10.0,0,0,0,0,0,0
2002.0,UK,24.0,14.5,3.6,796.0,10.0,0,0,0,0,0,0
2007.0,Indonesia,6.8,17.4,1.5,2681.0,0.0,0,0,0,0,0,0
2013.0,Russia,9.3,9.4,4.2,2796.0,4.0,0,0,0,0,0,0
2023.0,Germany,13.2,16.5,1.5,1401.0,6.0,0,0,0,0,0,0
2017.0,Japan,22.9,11.3,3.8,2464.0,2.0,0,0,0,0,0,0
2014.0,UK,25.3,12.9,2.7,1598.0,8.0,0,0,0,0,0,0
2021.0,China,18.3,10.8,3.1,2177.0,7.0,0,0,0,0,0,0
2022.0,Brazil,18.4,9.5,4.6,1691.0,12.0,0,0,0,0,0,0
2001.0,Brazil,26.7,5.1,4.6,1270.0,14.0,0,0,0,0,0,0
2009.0,USA,5.5,6.4,4.3,2026.0,2.0,0,0,0,0,0,0
2001.0,Mexico,15.2,6.2,3.0,1878.0,14.0,0,0,0,0,0,0
2016.0,UK,29.6,11.5,3.9,1748.0,4.0,0,0,0,0,0,0
2007.0,Russia,23.1,2.8,3.1,2054.0,6.0,0,0,0,0,0,0
2000.0,India,15.1,18.4,4.5,645.0,11.0,0,0,0,0,0,0
2008.0,Brazil,32.2,14.6,2.6,2483.0,13.0,0,0,0,0,0,0
2010.0,Russia,28.2,8.3,4.9,1764.0,3.0,0,0,0,0,0,0
2021.0,Argentina,12.9,3.6,4.7,2407.0,4.0,0,0,0,0,0,0
2015.0,Russia,24.4,17.7,4.0,2891.0,2.0,0,0,0,0,0,0
2006.0,Argentina,22.9,16.6,2.1,2272.0,8.0,0,0,0,0,0,0
2009.0,South Africa,17.0,14.6,1.5,1558.0,9.0,0,0,0,0,0,0
2022.0,Australia,16.0,5.8,4.4,2548.0,8.0,0,0,0,0,0,0
2002.0,Australia,15.3,8.3,1.7,2519.0,6.0,0,0,0,0,0,0
2017.0,China,23.5,2.5,4.4,652.0,9.0,0,0,0,0,0,0
2023.0,Germany,18.3,4.2,3.0,2976.0,1.0,0,0,0,0,0,0
2012.0,China,30.0,15.8,2.6,1007.0,6.0,0,0,0,0,0,0
2006.0,Argentina,25.1,14.4,4.6,990.0,6.0,0,0,0,0,0,0
2003.0,UK,7.1,12.1,3.4,844.0,10.0,0,0,0,0,0,0
2012.0,Canada,24.2,18.0,3.3,2435.0,4.0,0,0,0,0,0,0
2019.0,India,13.1,11.9,3.2,2261.0,8.0,0,0,0,0,0,0
2000.0,Canada,22.8,9.6,2.5,720.0,12.0,0,0,0,0,0,0
2007.0,France,25.4,7.1,4.1,2438.0,11.0,0,0,0,0,0,0
2013.0,Canada,11.9,18.8,2.0,2442.0,10.0,0,0,0,0,0,0
2015.0,USA,18.7,2.1,4.8,1222.0,2.0,0,0,0,0,0,0
2013.0,Canada,10.7,18.7,4.6,1027.0,3.0,0,0,0,0,0,0
2011.0,China,6.6,16.6,2.3,2022.0,0.0,0,0,0,0,0,0
2018.0,Brazil,16.4,3.0,3.9,2164.0,5.0,0,0,0,0,0,0
2022.0,Indonesia,15.9,11.5,3.3,980.0,3.0,0,0,0,0,0,0
2014.0,Brazil,34.9,17.4,2.4,2371.0,0.0,0,0,0,0,0,0
2001.0,Australia,18.4,11.7,5.0,1962.0,1.0,0,0,0,0,0,0
2001.0,Indonesia,15.0,18.2,1.1,1925.0,14.0,0,0,0,0,0,0
2022.0,Mexico,22.4,18.9,2.0,844.0,2.0,0,0,0,0,0,0
2021.0,India,7.7,8.7,3.1,544.0,8.0,0,0,0,0,0,0
2018.0,India,33.8,7.9,3.1,2568.0,12.0,0,0,0,0,0,0
2021.0,USA,24.0,18.8,3.4,2157.0,7.0,0,0,0,0,0,0
2021.0,UK,27.6,13.7,4.0,2387.0,6.0,0,0,0,0,0,0
2016.0,China,10.1,2.8,3.5,2595.0,12.0,0,0,0,0,0,0
2019.0,Australia,17.3,1.3,3.4,2014.0,14.0,0,0,0,0,0,0
2009.0,South Africa,17.7,11.5,1.2,2834.0,10.0,0,0,0,0,0,0
2005.0,France,29.7,18.6,2.5,1501.0,11.0,0,0,0,0,0,0
2014.0,UK,5.0,17.0,1.9,1533.0,13.0,0,0,0,0,0,0
2021.0,India,14.0,13.7,2.1,2540.0,3.0,0,0,0,0,0,0
2010.0,Brazil,34.4,3.2,3.2,773.0,0.0,0,0,0,0,0,0
2004.0,Canada,19.2,5.5,1.8,1455.0,7.0,0,0,0,0,0,0
2000.0,Canada,16.5,17.6,2.2,2279.0,3.0,0,0,0,0,0,0
2007.0,Mexico,8.6,4.1,1.9,880.0,2.0,0,0,0,0,0,0
2020.0,Australia,34.2,5.9,4.8,1852.0,8.0,0,0,0,0,0,0
2011.0,China,5.6,3.0,4.8,978.0,9.0,0,0,0,0,0,0
2011.0,China,27.1,13.7,3.4,2562.0,3.0,0,0,0,0,0,0
2004.0,Germany,28.1,18.9,4.7,1015.0,3.0,0,0,0,0,0,0
2006.0,Argentina,12.3,5.7,4.1,690.0,13.0,0,0,0,0,0,0
2003.0,Japan,25.1,9.8,3.4,1691.0,8.0,0,0,0,0,0,0
2005.0,India,7.8,12.9,1.0,1660.0,12.0,0,0,0,0,0,0
2012.0,China,12.7,20.0,4.1,2701.0,11.0,0,0,0,0,0,0
2019.0,Mexico,28.6,2.5,3.8,1911.0,10.0,0,0,0,0,0,0
2014.0,Brazil,30.9,10.2,3.5,771.0,11.0,0,0,0,0,0,0
2002.0,Australia,23.3,8.0,4.0,642.0,13.0,0,0,0,0,0,0
2022.0,France,20.2,17.4,3.1,2412.0,1.0,0,0,0,0,0,0
2007.0,Germany,9.8,9.8,3.8,1592.0,13.0,0,0,0,0,0,0
2019.0,Mexico,6.9,2.7,4.7,2794.0,11.0,0,0,0,0,0,0
2015.0,Russia,8.5,12.9,2.5,1287.0,4.0,0,0,0,0,0,0
2012.0,USA,11.8,15.5,3.8,2626.0,14.0,0,0,0,0,0,0
2017.0,France,15.3,0.6,2.9,2181.0,3.0,0,0,0,0,0,0
2009.0,Argentina,16.4,17.2,3.7,1122.0,8.0,0,0,0,0,0,0
2018.0,Russia,15.4,4.1,4.1,1437.0,11.0,0,0,0,0,0,0
2016.0,South Africa,12.2,11.3,1.2,1618.0,4.0,0,0,0,0,0,0
2023.0,Argentina,20.3,8.6,3.6,1116.0,8.0,0,0,0,0,0,0
2018.0,Canada,29.8,14.5,1.9,1531.0,10.0,0,0,0,0,0,0
2022.0,USA,13.4,7.7,3.7,566.0,8.0,0,0,0,0,0,0
2004.0,India,33.3,17.5,2.9,690.0,13.0,0,0,0,0,0,0
2020.0,Brazil,31.2,14.7,4.1,1020.0,1.0,0,0,0,0,0,0
2022.0,USA,9.9,13.1,1.5,1489.0,13.0,0,0,0,0,0,0
2008.0,Argentina,28.6,16.0,3.5,1640.0,14.0,0,0,0,0,0,0
2011.0,Japan,22.2,15.2,2.1,2814.0,8.0,0,0,0,0,0,0
2020.0,Russia,22.0,1.2,4.4,2134.0,2.0,0,0,0,0,0,0
2000.0,India,16.7,8.2,4.7,1687.0,3.0,0,0,0,0,0,0
2000.0,Indonesia,20.0,18.7,5.0,875.0,0.0,0,0,0,0,0,0
2014.0,Japan,16.9,3.0,4.2,1152.0,13.0,0,0,0,0,0,0
2001.0,Canada,21.2,14.9,4.0,1048.0,0.0,0,0,0,0,0,0
2021.0,Japan,23.8,19.5,1.9,1597.0,0.0,0,0,0,0,0,0
2015.0,Germany,25.2,1.5,2.3,572.0,8.0,0,0,0,0,0,0
2007.0,Germany,21.0,13.8,2.9,2855.0,10.0,0,0,0,0,0,0
2012.0,South Africa,26.6,9.6,4.1,698.0,7.0,0,0,0,0,0,0
2020.0,Argentina,9.2,11.8,4.7,2281.0,4.0,0,0,0,0,0,0
2000.0,Australia,11.4,2.2,1.8,1071.0,4.0,0,0,0,0,0,0
2015.0,France,29.6,1.3,4.7,1290.0,8.0,0,0,0,0,0,0
2006.0,France,14.7,13.5,3.8,2138.0,2.0,0,0,0,0,0,0
2004.0,Indonesia,5.7,16.6,3.4,2331.0,2.0,0,0,0,0,0,0
2021.0,Indonesia,9.6,15.7,1.8,2355.0,6.0,0,0,0,0,0,0
2022.0,India,11.7,11.1,1.2,2010.0,8.0,0,0,0,0,0,0
2002.0,Canada,33.7,2.4,3.3,1674.0,5.0,0,0,0,0,0,0
2011.0,China,22.2,13.9,3.6,678.0,13.0,0,0,0,0,0,0
2015.0,South Africa,33.0,5.2,1.8,2744.0,1.0,0,0,0,0,0,0
2018.0,Germany,22.3,18.3,3.2,1234.0,0.0,0,0,0,0,0,0
2004.0,India,19.4,16.8,4.4,2636.0,1.0,0,0,0,0,0,0
2021.0,China,14.4,14.3,4.3,1298.0,13.0,0,0,0,0,0,0
2013.0,France,23.2,19.0,4.7,1287.0,13.0,0,0,0,0,0,0
2004.0,Australia,9.2,1.1,2.5,708.0,0.0,0,0,0,0,0,0
2014.0,Japan,31.9,14.9,2.3,992.0,9.0,0,0,0,0,0,0
2016.0,Germany,29.9,6.9,4.0,2157.0,9.0,0,0,0,0,0,0
2013.0,India,14.5,18.2,2.7,1231.0,8.0,0,0,0,0,0,0
2019.0,USA,33.6,5.7,1.4,1629.0,14.0,0,0,0,0,0,0
2004.0,China,29.8,14.6,2.1,2105.0,9.0,0,0,0,0,0,0
2011.0,Japan,25.0,17.6,2.7,1093.0,14.0,0,0,0,0,0,0
2015.0,Germany,8.7,1.3,2.2,1715.0,11.0,0,0,0,0,0,0
2015.0,France,19.3,8.3,2.3,824.0,13.0,0,0,0,0,0,0
2020.0,Mexico,20.2,15.4,2.2,1478.0,12.0,0,0,0,0,0,0
2006.0,Canada,12.0,9.4,1.2,2249.0,7.0,0,0,0,0,0,0
2003.0,China,7.4,5.7,3.5,2350.0,14.0,0,0,0,0,0,0
2000.0,France,28.3,4.8,3.4,1990.0,6.0,0,0,0,0,0,0
2004.0,Germany,8.7,3.1,3.6,1393.0,14.0,0,0,0,0,0,0
2022.0,China,22.8,17.2,1.8,1890.0,2.0,0,0,0,0,0,0
2009.0,South Africa,33.1,11.7,2.2,643.0,7.0,0,0,0,0,0,0
2021.0,Japan,31.3,2.0,3.5,883.0,1.0,0,0,0,0,0,0
2004.0,UK,13.3,8.0,3.4,2763.0,1.0,0,0,0,0,0,0
2003.0,Germany,30.5,7.7,3.0,2871.0,10.0,0,0,0,0,0,0
2001.0,South Africa,5.0,4.0,2.4,716.0,9.0,0,0,0,0,0,0
2019.0,Russia,5.5,9.0,4.7,2015.0,2.0,0,0,0,0,0,0
2009.0,India,23.1,7.0,2.4,2730.0,6.0,0,0,0,0,0,0
2018.0,Mexico,15.9,7.2,2.8,2817.0,0.0,0,0,0,0,0,0
2000.0,Indonesia,16.6,14.9,3.7,1990.0,7.0,0,0,0,0,0,0
2023.0,Japan,21.9,4.9,3.2,2135.0,11.0,0,0,0,0,0,0
2004.0,China,10.8,13.0,2.4,2852.0,6.0,0,0,0,0,0,0
2012.0,Canada,11.4,11.6,2.7,1667.0,3.0,0,0,0,0,0,0
2003.0,France,19.5,11.6,4.2,610.0,13.0,0,0,0,0,0,0
2015.0,Indonesia,27.6,13.4,2.1,1513.0,14.0,0,0,0,0,0,0
2023.0,USA,23.6,11.2,1.6,731.0,4.0,0,0,0,0,0,0
2015.0,France,13.9,17.6,2.3,2214.0,9.0,0,0,0,0,0,0
2022.0,China,17.9,13.7,4.4,2255.0,12.0,0,0,0,0,0,0
2001.0,Mexico,10.1,11.2,1.4,2077.0,0.0,0,0,0,0,0,0
2016.0,Argentina,7.2,16.7,5.0,1796.0,3.0,0,0,0,0,0,0
2019.0,France,28.5,12.3,3.2,2720.0,14.0,0,0,0,0,0,0
2023.0,Argentina,13.0,6.2,4.9,1472.0,0.0,0,0,0,0,0,0
2011.0,India,10.3,4.5,4.8,1530.0,0.0,0,0,0,0,0,0
2017.0,Mexico,25.7,3.5,2.8,1017.0,9.0,0,0,0,0,0,0
2002.0,Germany,23.5,18.0,1.8,1413.0,0.0,0,0,0,0,0,0
2000.0,South Africa,24.0,14.3,1.7,2762.0,6.0,0,0,0,0,0,0
2000.0,USA,11.9,18.8,2.0,2681.0,6.0,0,0,0,0,0,0
2018.0,Brazil,12.0,12.3,3.8,2832.0,3.0,0,0,0,0,0,0
2010.0,China,11.6,9.7,2.1,2444.0,14.0,0,0,0,0,0,0
2004.0,Australia,10.2,1.7,2.4,1962.0,12.0,0,0,0,0,0,0
2011.0,Brazil,24.7,13.6,2.8,2372.0,11.0,0,0,0,0,0,0
2002.0,France,30.4,11.9,4.7,2878.0,1.0,0,0,0,0,0,0
2000.0,Indonesia,26.7,19.8,1.8,1807.0,11.0,0,0,0,0,0,0
2000.0,China,28.8,5.2,1.0,1398.0,2.0,0,0,0,0,0,0
2007.0,South Africa,17.1,10.8,1.2,1598.0,7.0,0,0,0,0,0,0
2009.0,Russia,24.6,13.2,4.6,1689.0,12.0,0,0,0,0,0,0
2010.0,South Africa,15.6,13.1,3.6,1712.0,7.0,0,0,0,0,0,0
2011.0,Australia,20.8,11.4,2.1,2625.0,10.0,0,0,0,0,0,0
2012.0,USA,19.4,15.7,1.7,1187.0,10.0,0,0,0,0,0,0
2011.0,South Africa,10.3,4.5,2.2,2568.0,5.0,0,0,0,0,0,0
2013.0,Canada,16.6,14.6,1.5,1065.0,14.0,0,0,0,0,0,0
2001.0,Russia,33.9,12.6,4.8,1707.0,9.0,0,0,0,0,0,0
2018.0,Brazil,12.5,18.0,4.1,2394.0,8.0,0,0,0,0,0,0
2017.0,Germany,9.0,17.0,2.8,1326.0,10.0,0,0,0,0,0,0
2002.0,India,17.6,6.6,4.5,1851.0,11.0,0,0,0,0,0,0
2022.0,Canada,28.7,5.9,2.0,2726.0,8.0,0,0,0,0,0,0
2016.0,UK,22.5,19.6,3.9,2311.0,3.0,0,0,0,0,0,0
2007.0,Russia,25.4,10.8,4.4,1582.0,11.0,0,0,0,0,0,0
2009.0,Germany,10.7,18.2,2.4,1850.0,0.0,0,0,0,0,0,0
2001.0,Germany,23.6,3.7,4.0,2144.0,0.0,0,0,0,0,0,0
2018.0,China,14.7,13.0,2.2,690.0,14.0,0,0,0,0,0,0
2008.0,Russia,30.0,16.3,2.2,1723.0,11.0,0,0,0,0,0,0
2006.0,USA,23.9,19.0,1.4,1835.0,9.0,0,0,0,0,0,0
2003.0,France,11.0,7.1,2.8,1207.0,14.0,0,0,0,0,0,0
2020.0,Australia,6.9,14.6,3.9,878.0,4.0,0,0,0,0,0,0
2017.0,UK,6.3,11.0,4.8,886.0,13.0,0,0,0,0,0,0
2012.0,Australia,16.1,1.7,3.4,2784.0,12.0,0,0,0,0,0,0
2010.0,Brazil,13.0,14.0,4.5,1115.0,1.0,0,0,0,0,0,0
2023.0,Brazil,24.4,14.0,4.3,2042.0,14.0,0,0,0,0,0,0
2003.0,Australia,20.0,18.6,1.7,2830.0,5.0,0,0,0,0,0,0
2020.0,South Africa,13.0,10.2,2.9,2548.0,6.0,0,0,0,0,0,0
2003.0,USA,9.5,5.0,1.5,2254.0,0.0,0,0,0,0,0,0
2009.0,Argentina,8.8,1.4,3.7,963.0,5.0,0,0,0,0,0,0
2004.0,South Africa,30.9,8.6,4.8,1466.0,7.0,0,0,0,0,0,0
2008.0,Indonesia,12.3,6.4,1.5,671.0,11.0,0,0,0,0,0,0
2023.0,South Africa,24.6,15.3,3.9,1646.0,4.0,0,0,0,0,0,0
2002.0,India,29.3,7.4,3.5,1342.0,13.0,0,0,0,0,0,0
2016.0,Japan,23.4,19.0,3.3,1821.0,11.0,0,0,0,0,0,0
2002.0,France,30.8,19.3,2.6,2408.0,6.0,0,0,0,0,0,0
2015.0,India,16.8,12.6,2.4,1189.0,9.0,0,0,0,0,0,0
2003.0,China,33.7,18.6,1.2,2007.0,5.0,0,0,0,0,0,0
2017.0,Japan,9.0,15.3,1.9,2712.0,3.0,0,0,0,0,0,0
2016.0,Japan,8.1,11.2,1.1,2524.0,14.0,0,0,0,0,0,0
2006.0,Russia,24.8,4.0,3.3,2222.0,14.0,0,0,0,0,0,0
2023.0,USA,33.3,9.4,1.4,882.0,6.0,0,0,0,0,0,0
2022.0,USA,29.3,11.4,4.5,2756.0,9.0,0,0,0,0,0,0
2004.0,Japan,7.3,17.3,3.1,1912.0,8.0,0,0,0,0,0,0
2011.0,Indonesia,13.4,9.9,3.8,2083.0,9.0,0,0,0,0,0,0
2016.0,South Africa,32.9,18.0,2.6,2771.0,9.0,0,0,0,0,0,0
2022.0,Russia,12.6,13.6,3.2,2550.0,12.0,0,0,0,0,0,0
2012.0,France,28.4,3.2,4.8,871.0,6.0,0,0,0,0,0,0
2022.0,Japan,29.8,19.9,1.3,2210.0,11.0,0,0,0,0,0,0
2002.0,Canada,19.9,10.8,2.0,1969.0,13.0,0,0,0,0,0,0
2008.0,Brazil,16.6,8.1,4.1,1110.0,4.0,0,0,0,0,0,0
2016.0,Brazil,18.5,13.4,1.4,615.0,6.0,0,0,0,0,0,0
2016.0,India,11.8,2.6,1.3,946.0,2.0,0,0,0,0,0,0
2019.0,China,31.7,12.9,2.4,1891.0,1.0,0,0,0,0,0,0
2015.0,Mexico,18.5,10.2,1.4,1840.0,10.0,0,0,0,0,0,0
2021.0,Mexico,31.5,8.4,3.3,914.0,14.0,0,0,0,0,0,0
2012.0,Brazil,8.2,19.1,1.9,2308.0,4.0,0,0,0,0,0,0
2018.0,Argentina,34.6,10.7,4.6,1547.0,3.0,0,0,0,0,0,0
2016.0,Germany,18.3,4.8,4.1,2373.0,4.0,0,0,0,0,0,0
2003.0,India,6.4,9.4,3.8,1573.0,7.0,0,0,0,0,0,0
2011.0,Mexico,6.1,18.4,3.5,1217.0,11.0,0,0,0,0,0,0
2008.0,Brazil,27.4,3.9,4.5,1858.0,3.0,0,0,0,0,0,0
2018.0,China,24.8,4.7,1.9,2105.0,14.0,0,0,0,0,0,0
2011.0,Mexico,29.1,0.8,4.5,2818.0,8.0,0,0,0,0,0,0
2008.0,South Africa,8.2,0.8,4.2,1061.0,6.0,0,0,0,0,0,0
2006.0,South Africa,6.1,16.7,4.0,2794.0,9.0,0,0,0,0,0,0
2013.0,USA,20.3,14.8,3.2,886.0,12.0,0,0,0,0,0,0
2019.0,Indonesia,16.6,7.4,2.0,1201.0,11.0,0,0,0,0,0,0
2018.0,USA,18.9,14.1,2.7,1472.0,6.0,0,0,0,0,0,0
2014.0,France,34.7,8.2,4.2,1884.0,14.0,0,0,0,0,0,0
2015.0,Japan,34.1,19.1,1.1,1483.0,12.0,0,0,0,0,0,0
2020.0,Canada,33.3,19.4,4.1,2011.0,12.0,0,0,0,0,0,0
2004.0,USA,28.5,8.2,2.0,851.0,7.0,0,0,0,0,0,0
2002.0,UK,15.6,17.2,1.6,2224.0,11.0,0,0,0,0,0,0
2011.0,Mexico,17.4,15.6,1.5,2451.0,5.0,0,0,0,0,0,0
2019.0,Argentina,21.5,6.5,1.1,1779.0,7.0,0,0,0,0,0,0
2020.0,Russia,29.9,5.0,3.1,2407.0,2.0,0,0,0,0,0,0
2003.0,Brazil,7.1,9.4,1.9,1252.0,9.0,0,0,0,0,0,0
2020.0,Russia,17.7,15.7,5.0,1524.0,9.0,0,0,0,0,0,0
2022.0,UK,7.5,19.2,3.3,1045.0,13.0,0,0,0,0,0,0
2015.0,China,20.4,15.4,1.6,1969.0,0.0,0,0,0,0,0,0
2006.0,USA,32.0,17.2,3.8,578.0,5.0,0,0,0,0,0,0
2012.0,Canada,28.5,12.3,4.6,1759.0,0.0,0,0,0,0,0,0
2020.0,China,11.8,16.8,4.0,2881.0,8.0,0,0,0,0,0,0
2009.0,Germany,34.3,15.8,1.3,1388.0,13.0,0,0,0,0,0,0
2006.0,Germany,25.0,7.9,4.6,1605.0,1.0,0,0,0,0,0,0
2013.0,Russia,5.3,11.3,4.2,2490.0,10.0,0,0,0,0,0,0
2004.0,Japan,12.7,16.2,1.6,2000.0,1.0,0,0,0,0,0,0
2002.0,India,12.8,1.4,1.2,1420.0,6.0,0,0,0,0,0,0
2022.0,Japan,7.1,16.3,3.2,1049.0,1.0,0,0,0,0,0,0
2010.0,Mexico,33.8,4.0,1.6,2561.0,9.0,0,0,0,0,0,0
2010.0,UK,19.3,10.5,4.3,891.0,7.0,0,0,0,0,0,0
2017.0,South Africa,31.9,16.3,2.4,2857.0,5.0,0,0,0,0,0,0
2014.0,France,14.7,5.4,4.7,2933.0,13.0,0,0,0,0,0,0
2011.0,Japan,8.8,5.3,3.3,1880.0,6.0,0,0,0,0,0,0
2008.0,Indonesia,19.2,8.4,1.7,1473.0,6.0,0,0,0,0,0,0
2009.0,France,8.4,17.9,1.6,839.0,5.0,0,0,0,0,0,0
2011.0,UK,19.6,0.5,3.3,1256.0,9.0,0,0,0,0,0,0
2016.0,France,32.6,18.1,4.0,1545.0,10.0,0,0,0,0,0,0
2005.0,Canada,20.6,3.5,4.1,2838.0,8.0,0,0,0,0,0,0
2006.0,USA,23.5,19.8,2.1,2853.0,12.0,0,0,0,0,0,0
2013.0,Canada,9.7,19.1,1.8,1438.0,8.0,0,0,0,0,0,0
2012.0,France,6.3,10.1,1.1,1347.0,14.0,0,0,0,0,0,0
2007.0,China,8.3,10.5,3.7,941.0,6.0,0,0,0,0,0,0
2009.0,Germany,23.0,9.9,1.3,629.0,8.0,0,0,0,0,0,0
2008.0,France,7.9,12.9,2.7,1096.0,12.0,0,0,0,0,0,0
2017.0,Canada,16.3,2.3,3.4,2458.0,9.0,0,0,0,0,0,0
2001.0,Argentina,21.5,1.1,4.7,2005.0,2.0,0,0,0,0,0,0
2004.0,UK,16.7,1.6,2.2,1361.0,2.0,0,0,0,0,0,0
2004.0,China,9.9,9.2,2.0,1498.0,0.0,0,0,0,0,0,0
2005.0,Canada,13.2,5.9,3.6,2872.0,4.0,0,0,0,0,0,0
2018.0,Japan,32.8,12.6,3.5,2995.0,14.0,0,0,0,0,0,0
2007.0,Brazil,25.3,19.9,2.3,2051.0,3.0,0,0,0,0,0,0
2015.0,Russia,19.9,8.0,4.7,2140.0,1.0,0,0,0,0,0,0
2012.0,India,5.4,11.7,4.4,2011.0,8.0,0,0,0,0,0,0
2000.0,South Africa,34.8,8.6,1.9,2236.0,2.0,0,0,0,0,0,0
2021.0,Canada,25.1,17.0,2.0,1949.0,14.0,0,0,0,0,0,0
2019.0,Indonesia,14.5,18.1,3.0,2357.0,7.0,0,0,0,0,0,0
2016.0,India,31.4,17.6,4.1,764.0,5.0,0,0,0,0,0,0
2006.0,UK,12.8,19.5,1.2,1962.0,13.0,0,0,0,0,0,0
2012.0,Argentina,21.3,1.0,3.8,656.0,12.0,0,0,0,0,0,0
2003.0,Australia,24.1,16.9,3.6,1945.0,4.0,0,0,0,0,0,0
2003.0,Canada,11.6,15.2,1.9,2798.0,0.0,0,0,0,0,0,0
2005.0,Brazil,34.4,5.0,3.7,2132.0,3.0,0,0,0,0,0,0
2018.0,India,27.4,19.1,4.8,2874.0,2.0,0,0,0,0,0,0
2011.0,South Africa,21.7,3.4,1.2,1394.0,0.0,0,0,0,0,0,0
2021.0,France,10.4,13.8,2.3,2644.0,11.0,0,0,0,0,0,0
2006.0,Canada,6.6,4.9,2.8,1012.0,14.0,0,0,0,0,0,0
2009.0,USA,14.6,8.9,4.6,715.0,4.0,0,0,0,0,0,0
2018.0,Argentina,27.6,14.5,4.8,2672.0,5.0,0,0,0,0,0,0
2006.0,UK,13.1,11.5,2.8,2206.0,1.0,0,0,0,0,0,0
2002.0,Russia,21.2,8.8,4.0,2606.0,14.0,0,0,0,0,0,0
2012.0,Brazil,26.8,6.9,3.1,2067.0,13.0,0,0,0,0,0,0
2012.0,Mexico,8.2,16.9,3.2,2708.0,2.0,0,0,0,0,0,0
2017.0,Mexico,25.6,3.3,2.1,2831.0,10.0,0,0,0,0,0,0
2019.0,Indonesia,7.8,8.9,1.9,2653.0,13.0,0,0,0,0,0,0
2007.0,India,34.0,18.1,2.2,1628.0,14.0,0,0,0,0,0,0
2008.0,Brazil,19.7,17.0,3.2,727.0,5.0,0,0,0,0,0,0
2006.0,China,9.5,8.3,1.1,2865.0,3.0,0,0,0,0,0,0
2000.0,South Africa,15.3,15.4,4.6,1987.0,8.0,0,0,0,0,0,0
2002.0,Russia,17.4,16.6,1.6,1301.0,4.0,0,0,0,0,0,0
2012.0,France,27.7,17.8,1.9,2122.0,3.0,0,0,0,0,0,0
2016.0,Canada,27.3,11.1,3.1,2405.0,1.0,0,0,0,0,0,0
2023.0,Canada,23.4,4.5,3.8,971.0,5.0,0,0,0,0,0,0
2000.0,Mexico,8.2,5.5,1.4,1579.0,9.0,0,0,0,0,0,0
2005.0,Canada,9.5,6.3,2.3,2560.0,1.0,0,0,0,0,0,0
2020.0,UK,7.8,12.1,4.9,1541.0,11.0,0,0,0,0,0,0
2005.0,Russia,22.3,1.1,2.0,2660.0,12.0,0,0,0,0,0,0
2011.0,USA,31.3,12.9,2.3,728.0,6.0,0,0,0,0,0,0
2012.0,Australia,18.0,7.6,4.3,670.0,2.0,0,0,0,0,0,0
2012.0,Indonesia,9.8,6.3,1.2,794.0,8.0,0,0,0,0,0,0
2014.0,Germany,21.7,17.7,2.9,688.0,10.0,0,0,0,0,0,0
2020.0,Japan,29.4,9.5,2.5,925.0,4.0,0,0,0,0,0,0
2015.0,Indonesia,27.3,2.4,2.3,1476.0,7.0,0,0,0,0,0,0
2021.0,India,31.4,16.6,2.1,1602.0,10.0,0,0,0,0,0,0
2020.0,USA,13.3,1.4,1.4,1418.0,5.0,0,0,0,0,0,0
2010.0,Indonesia,10.8,14.7,2.3,998.0,13.0,0,0,0,0,0,0
2004.0,France,31.4,15.6,1.2,2321.0,11.0,0,0,0,0,0,0
2003.0,Mexico,24.7,7.4,4.1,1365.0,9.0,0,0,0,0,0,0
2002.0,Argentina,14.3,16.6,2.6,1325.0,7.0,0,0,0,0,0,0
2018.0,India,27.3,10.6,2.8,2358.0,12.0,0,0,0,0,0,0
2019.0,Canada,29.5,9.5,4.6,2618.0,12.0,0,0,0,0,0,0
2017.0,Brazil,23.4,1.4,3.6,2795.0,10.0,0,0,0,0,0,0
2014.0,France,25.6,6.2,1.0,645.0,11.0,0,0,0,0,0,0
2008.0,India,16.3,18.7,4.8,2141.0,2.0,0,0,0,0,0,0
2016.0,Argentina,21.2,8.1,1.9,1819.0,2.0,0,0,0,0,0,0
2013.0,South Africa,20.7,11.2,1.4,969.0,4.0,0,0,0,0,0,0
2014.0,Canada,30.4,10.9,4.1,692.0,10.0,0,0,0,0,0,0
2000.0,Indonesia,30.2,12.0,3.0,1591.0,9.0,0,0,0,0,0,0
2020.0,Indonesia,30.0,1.7,2.7,551.0,2.0,0,0,0,0,0,0
2021.0,India,5.3,7.6,2.0,2910.0,7.0,0,0,0,0,0,0
2021.0,Brazil,27.5,14.6,3.2,2320.0,9.0,0,0,0,0,0,0
2002.0,South Africa,27.8,4.4,2.1,2369.0,12.0,0,0,0,0,0,0
2015.0,Canada,25.4,4.5,4.6,2286.0,11.0,0,0,0,0,0,0
2022.0,Argentina,27.7,0.7,1.9,1954.0,13.0,0,0,0,0,0,0
2010.0,Australia,30.3,9.0,4.5,2367.0,7.0,0,0,0,0,0,0
2011.0,Indonesia,19.1,17.7,3.2,2507.0,1.0,0,0,0,0,0,0
2009.0,Argentina,20.1,1.5,4.3,1934.0,11.0,0,0,0,0,0,0
2015.0,USA,8.7,4.2,3.9,1339.0,3.0,0,0,0,0,0,0
2007.0,Indonesia,16.6,6.5,3.8,740.0,9.0,0,0,0,0,0,0
2005.0,Argentina,24.3,14.8,2.3,1035.0,12.0,0,0,0,0,0,0
2011.0,China,28.4,13.0,1.9,1907.0,0.0,0,0,0,0,0,0
2023.0,Mexico,11.5,8.6,1.8,582.0,3.0,0,0,0,0,0,0
2020.0,Japan,9.1,15.3,4.4,1481.0,11.0,0,0,0,0,0,0
2007.0,Russia,24.9,12.4,4.3,1450.0,12.0,0,0,0,0,0,0
2003.0,Mexico,5.1,18.0,2.8,1110.0,12.0,0,0,0,0,0,0
2007.0,UK,10.4,16.5,1.5,1073.0,10.0,0,0,0,0,0,0
2017.0,Japan,5.9,5.4,2.5,2833.0,12.0,0,0,0,0,0,0
2004.0,France,10.0,5.8,3.5,1488.0,3.0,0,0,0,0,0,0
2008.0,Argentina,10.4,2.9,2.8,958.0,9.0,0,0,0,0,0,0
2003.0,Japan,16.6,7.1,4.1,2673.0,8.0,0,0,0,0,0,0
2021.0,UK,17.1,20.0,5.0,2022.0,14.0,0,0,0,0,0,0
2016.0,Canada,31.2,8.4,1.8,2972.0,2.0,0,0,0,0,0,0
2008.0,Australia,20.3,4.8,2.8,2484.0,14.0,0,0,0,0,0,0
2000.0,China,26.7,15.4,2.7,2066.0,1.0,0,0,0,0,0,0
2020.0,USA,8.1,11.1,2.2,2659.0,8.0,0,0,0,0,0,0
2019.0,Argentina,11.8,3.4,1.8,2949.0,8.0,0,0,0,0,0,0
2012.0,USA,26.1,7.9,1.3,621.0,0.0,0,0,0,0,0,0
2015.0,Brazil,6.6,8.6,4.5,772.0,5.0,0,0,0,0,0,0
2012.0,Indonesia,19.6,15.2,2.7,1817.0,9.0,0,0,0,0,0,0
2013.0,Argentina,23.0,0.9,3.0,897.0,7.0,0,0,0,0,0,0
2002.0,Russia,23.1,5.7,4.7,1484.0,2.0,0,0,0,0,0,0
2005.0,Argentina,5.7,10.6,4.1,1730.0,10.0,0,0,0,0,0,0
2017.0,India,14.7,5.7,1.5,1633.0,8.0,0,0,0,0,0,0
2018.0,Australia,24.1,12.8,3.3,1801.0,1.0,0,0,0,0,0,0
2004.0,India,9.5,9.9,2.8,2410.0,5.0,0,0,0,0,0,0
2014.0,Argentina,25.9,7.6,4.2,2005.0,0.0,0,0,0,0,0,0
2001.0,China,27.4,19.0,3.9,2416.0,12.0,0,0,0,0,0,0
2009.0,Japan,34.5,12.8,3.8,1319.0,6.0,0,0,0,0,0,0
2023.0,USA,11.3,3.0,2.4,2456.0,2.0,0,0,0,0,0,0
2017.0,China,29.8,11.4,4.2,2868.0,6.0,0,0,0,0,0,0
2012.0,Argentina,20.6,15.7,1.2,678.0,3.0,0,0,0,0,0,0
2004.0,UK,16.2,14.3,1.6,1396.0,8.0,0,0,0,0,0,0
2022.0,Japan,8.7,3.9,2.3,2766.0,4.0,0,0,0,0,0,0
2023.0,UK,27.1,19.5,1.3,2472.0,2.0,0,0,0,0,0,0
2000.0,USA,12.1,9.3,1.9,2051.0,14.0,0,0,0,0,0,0
2021.0,Japan,16.1,3.6,4.3,991.0,7.0,0,0,0,0,0,0
2000.0,Russia,6.9,4.0,4.8,560.0,5.0,0,0,0,0,0,0
2017.0,Australia,29.0,2.4,2.2,1577.0,1.0,0,0,0,0,0,0
2014.0,Mexico,28.0,16.2,2.1,2203.0,2.0,0,0,0,0,0,0
2016.0,South Africa,27.0,2.9,2.1,564.0,7.0,0,0,0,0,0,0
2010.0,France,14.0,2.9,2.1,1085.0,14.0,0,0,0,0,0,0
2020.0,China,10.2,17.1,1.1,2227.0,9.0,0,0,0,0,0,0
2021.0,Indonesia,24.1,7.2,4.7,2718.0,6.0,0,0,0,0,0,0
2016.0,China,19.9,1.1,1.9,1034.0,9.0,0,0,0,0,0,0
2012.0,South Africa,10.3,1.5,2.7,2655.0,5.0,0,0,0,0,0,0
2000.0,Mexico,25.6,3.3,1.0,2370.0,13.0,0,0,0,0,0,0
2001.0,Germany,34.7,4.7,4.4,1504.0,0.0,0,0,0,0,0,0
2008.0,Canada,27.4,13.5,3.9,2999.0,8.0,0,0,0,0,0,0
2002.0,Russia,27.2,3.6,4.8,1729.0,2.0,0,0,0,0,0,0
2000.0,UK,33.5,2.8,4.1,1539.0,13.0,0,0,0,0,0,0
2020.0,Argentina,11.1,15.4,2.3,826.0,4.0,0,0,0,0,0,0
2015.0,Russia,22.0,13.6,2.0,1107.0,6.0,0,0,0,0,0,0
2022.0,South Africa,34.4,9.0,3.8,501.0,14.0,0,0,0,0,0,0
2005.0,Argentina,10.0,11.2,2.5,1533.0,6.0,0,0,0,0,0,0
2016.0,Indonesia,26.0,6.6,3.3,2981.0,2.0,0,0,0,0,0,0
2004.0,India,22.6,9.9,1.0,624.0,14.0,0,0,0,0,0,0
2004.0,Japan,22.6,10.4,1.2,1604.0,3.0,0,0,0,0,0,0
2005.0,Canada,25.9,8.1,3.1,2361.0,9.0,0,0,0,0,0,0
2002.0,Australia,32.9,18.2,3.3,1673.0,6.0,0,0,0,0,0,0
2020.0,Australia,28.5,0.8,4.0,628.0,7.0,0,0,0,0,0,0
2022.0,South Africa,6.7,15.8,1.5,937.0,1.0,0,0,0,0,0,0
2004.0,Russia,30.6,2.9,3.1,1250.0,8.0,0,0,0,0,0,0
2020.0,Australia,11.8,16.1,1.8,1721.0,6.0,0,0,0,0,0,0
2004.0,Indonesia,16.3,12.5,1.4,2758.0,12.0,0,0,0,0,0,0
2009.0,UK,18.9,16.9,2.6,1401.0,7.0,0,0,0,0,0,0
2009.0,Germany,19.4,2.4,1.7,2592.0,5.0,0,0,0,0,0,0
2018.0,China,18.1,11.4,1.9,1802.0,5.0,0,0,0,0,0,0
2016.0,Brazil,33.1,10.3,2.3,1933.0,8.0,0,0,0,0,0,0
2020.0,Indonesia,26.2,14.3,2.0,890.0,3.0,0,0,0,0,0,0
2013.0,Argentina,23.9,10.9,1.4,1567.0,10.0,0,0,0,0,0,0
2008.0,France,6.5,11.0,1.4,526.0,10.0,0,0,0,0,0,0
2013.0,South Africa,32.1,8.9,1.8,1047.0,4.0,0,0,0,0,0,0
2000.0,India,32.3,6.5,1.2,1066.0,8.0,0,0,0,0,0,0
2018.0,Japan,28.4,9.9,3.5,1203.0,0.0,0,0,0,0,0,0
2012.0,France,5.2,2.8,2.1,1742.0,3.0,0,0,0,0,0,0
2012.0,Japan,6.7,19.2,2.1,684.0,6.0,0,0,0,0,0,0
2003.0,USA,11.8,14.4,2.3,2090.0,10.0,0,0,0,0,0,0
2000.0,France,8.9,19.1,3.7,2413.0,14.0,0,0,0,0,0,0
2016.0,Brazil,17.0,4.9,4.5,1347.0,8.0,0,0,0,0,0,0
2007.0,Russia,32.7,17.6,4.0,1098.0,14.0,0,0,0,0,0,0
2001.0,Germany,19.2,16.3,3.9,1305.0,13.0,0,0,0,0,0,0
2007.0,China,5.4,13.7,2.9,1857.0,12.0,0,0,0,0,0,0
2006.0,China,13.5,12.7,3.8,2626.0,10.0,0,0,0,0,0,0
2001.0,Germany,6.3,6.7,3.2,2378.0,11.0,0,0,0,0,0,0
2021.0,UK,6.1,16.4,1.9,2960.0,12.0,0,0,0,0,0,0
2021.0,Canada,13.3,10.3,1.8,1045.0,9.0,0,0,0,0,0,0
2002.0,USA,13.3,1.9,2.2,2132.0,5.0,0,0,0,0,0,0
2017.0,Japan,28.6,6.6,4.6,2716.0,11.0,0,0,0,0,0,0
2011.0,Brazil,34.2,18.7,3.2,2579.0,7.0,0,0,0,0,0,0
2000.0,Australia,16.1,17.1,3.9,2834.0,12.0,0,0,0,0,0,0
2021.0,France,17.9,19.6,2.4,2426.0,8.0,0,0,0,0,0,0
2011.0,USA,30.3,12.7,2.6,1116.0,9.0,0,0,0,0,0,0
2004.0,Indonesia,13.0,5.3,1.5,2817.0,3.0,0,0,0,0,0,0
2016.0,South Africa,9.7,3.7,1.7,1703.0,0.0,0,0,0,0,0,0
2015.0,France,30.6,4.1,4.3,2259.0,13.0,0,0,0,0,0,0
2014.0,Brazil,6.4,0.9,3.3,725.0,7.0,0,0,0,0,0,0
2022.0,India,23.6,8.1,2.4,1169.0,1.0,0,0,0,0,0,0
2014.0,India,21.9,4.2,4.2,2263.0,10.0,0,0,0,0,0,0
2004.0,Argentina,15.4,8.5,2.0,1416.0,0.0,0,0,0,0,0,0
2020.0,USA,14.5,18.7,4.9,2673.0,12.0,0,0,0,0,0,0
2013.0,Russia,28.2,8.9,2.4,2621.0,6.0,0,0,0,0,0,0
2001.0,Brazil,7.6,17.6,2.3,1714.0,11.0,0,0,0,0,0,0
2010.0,Brazil,12.1,12.3,2.2,2205.0,9.0,0,0,0,0,0,0
2018.0,Germany,27.0,5.3,1.5,2342.0,8.0,0,0,0,0,0,0
2006.0,Indonesia,21.4,7.4,1.4,2483.0,10.0,0,0,0,0,0,0
2005.0,Russia,8.8,2.1,3.6,555.0,14.0,0,0,0,0,0,0
2001.0,Indonesia,31.5,7.0,4.5,1219.0,11.0,0,0,0,0,0,0
2005.0,UK,16.8,13.7,4.2,2579.0,11.0,0,0,0,0,0,0
2017.0,Japan,29.8,1.9,1.6,1073.0,8.0,0,0,0,0,0,0
2001.0,Japan,28.6,4.5,3.2,1166.0,2.0,0,0,0,0,0,0
2017.0,Australia,23.7,7.9,1.4,783.0,5.0,0,0,0,0,0,0
2014.0,Argentina,19.8,19.6,1.2,2244.0,6.0,0,0,0,0,0,0
2018.0,China,34.4,15.8,3.6,2734.0,13.0,0,0,0,0,0,0
2001.0,India,9.3,14.8,3.1,997.0,9.0,0,0,0,0,0,0
2019.0,South Africa,26.8,2.8,1.3,1965.0,8.0,0,0,0,0,0,0
2005.0,Japan,10.7,15.7,1.1,629.0,14.0,0,0,0,0,0,0
2000.0,Russia,15.1,15.8,5.0,1138.0,1.0,0,0,0,0,0,0
2023.0,Brazil,14.3,12.2,1.1,2661.0,7.0,0,0,0,0,0,0
2014.0,South Africa,33.4,19.8,2.8,2560.0,13.0,0,0,0,0,0,0
2022.0,Mexico,34.0,6.8,3.0,2991.0,6.0,0,0,0,0,0,0
2009.0,Indonesia,10.5,18.9,1.5,2994.0,3.0,0,0,0,0,0,0
2018.0,Japan,5.7,18.3,1.7,1485.0,1.0,0,0,0,0,0,0
2016.0,Brazil,26.6,0.7,2.4,1492.0,7.0,0,0,0,0,0,0
2004.0,Japan,17.5,9.3,4.0,2621.0,10.0,0,0,0,0,0,0
2003.0,India,7.7,19.6,3.0,600.0,4.0,0,0,0,0,0,0
2009.0,Mexico,25.5,2.5,3.6,2723.0,5.0,0,0,0,0,0,0
2023.0,France,21.4,11.2,4.9,926.0,13.0,0,0,0,0,0,0
2016.0,Japan,34.4,19.6,4.1,540.0,10.0,0,0,0,0,0,0
2009.0,UK,11.8,11.3,2.7,928.0,6.0,0,0,0,0,0,0
2016.0,Russia,17.1,4.2,2.8,843.0,14.0,0,0,0,0,0,0
2019.0,Japan,21.3,11.9,3.5,865.0,14.0,0,0,0,0,0,0
2023.0,China,28.8,4.5,3.7,1108.0,9.0,0,0,0,0,0,0
2004.0,South Africa,21.5,10.6,3.0,1227.0,0.0,0,0,0,0,0,0
2001.0,South Africa,23.4,1.9,3.6,2776.0,7.0,0,0,0,0,0,0
2005.0,India,11.8,12.3,1.1,1324.0,3.0,0,0,0,0,0,0
2020.0,Russia,30.4,10.6,2.7,1875.0,12.0,0,0,0,0,0,0
2001.0,Mexico,17.9,14.9,2.1,1388.0,8.0,0,0,0,0,0,0
2012.0,UK,9.2,12.8,1.5,2543.0,0.0,0,0,0,0,0,0
2010.0,Germany,24.9,11.2,1.4,1841.0,10.0,0,0,0,0,0,0
2010.0,Russia,11.5,14.0,3.4,1796.0,1.0,0,0,0,0,0,0
2015.0,South Africa,7.9,3.3,3.1,616.0,13.0,0,0,0,0,0,0
2010.0,China,30.9,12.1,2.0,2915.0,5.0,0,0,0,0,0,0
2018.0,France,18.8,3.9,2.9,1617.0,10.0,0,0,0,0,0,0
2014.0,India,27.5,18.5,3.0,667.0,9.0,0,0,0,0,0,0
2022.0,Germany,13.7,1.8,1.8,2238.0,10.0,0,0,0,0,0,0
2022.0,China,28.6,8.9,3.6,1864.0,13.0,0,0,0,0,0,0
2015.0,Mexico,8.4,14.1,4.1,1194.0,0.0,0,0,0,0,0,0
2010.0,Indonesia,15.7,9.4,4.2,1424.0,3.0,0,0,0,0,0,0
2021.0,Mexico,34.3,2.3,3.4,651.0,7.0,0,0,0,0,0,0
2015.0,China,28.8,11.3,3.0,1085.0,14.0,0,0,0,0,0,0
2007.0,Indonesia,19.9,13.0,1.2,1412.0,9.0,0,0,0,0,0,0
2003.0,USA,15.2,14.2,2.2,2821.0,4.0,0,0,0,0,0,0
2007.0,India,31.2,7.8,1.4,2077.0,12.0,0,0,0,0,0,0
2003.0,Russia,21.3,11.5,4.9,995.0,8.0,0,0,0,0,0,0
2023.0,Indonesia,27.8,9.3,1.5,2648.0,10.0,0,0,0,0,0,0
2002.0,Argentina,27.6,13.6,1.6,1056.0,10.0,0,0,0,0,0,0
2002.0,Indonesia,5.5,11.9,4.6,1605.0,5.0,0,0,0,0,0,0
2017.0,Brazil,8.8,10.8,4.8,2052.0,0.0,0,0,0,0,0,0
2018.0,France,24.8,5.4,4.1,2620.0,5.0,0,0,0,0,0,0
2018.0,Brazil,9.8,0.5,1.0,656.0,5.0,0,0,0,0,0,0
2020.0,Russia,12.7,3.9,1.0,1234.0,12.0,0,0,0,0,0,0
2004.0,Russia,33.4,2.8,2.5,2679.0,5.0,0,0,0,0,0,0
2017.0,India,21.8,9.3,1.6,1927.0,7.0,0,0,0,0,0,0
2009.0,Russia,27.5,12.4,1.1,1058.0,14.0,0,0,0,0,0,0
2021.0,South Africa,21.7,4.7,2.9,2654.0,5.0,0,0,0,0,0,0
2020.0,Indonesia,21.6,18.8,4.8,2812.0,4.0,0,0,0,0,0,0
2005.0,Indonesia,7.8,0.6,2.3,654.0,14.0,0,0,0,0,0,0
2000.0,USA,15.3,15.6,3.6,1496.0,10.0,0,0,0,0,0,0
2004.0,Germany,13.5,12.7,3.6,2794.0,1.0,0,0,0,0,0,0
2008.0,Russia,16.7,7.8,2.0,1030.0,3.0,0,0,0,0,0,0
2011.0,Brazil,29.0,1.5,3.6,2471.0,13.0,0,0,0,0,0,0
2013.0,Russia,16.2,12.7,1.8,1228.0,14.0,0,0,0,0,0,0
2001.0,Mexico,18.6,8.0,1.5,1677.0,9.0,0,0,0,0,0,0
2016.0,USA,16.9,18.8,3.8,653.0,4.0,0,0,0,0,0,0
2013.0,South Africa,7.8,11.1,1.5,591.0,9.0,0,0,0,0,0,0
2012.0,South Africa,18.2,18.8,5.0,2885.0,3.0,0,0,0,0,0,0
2008.0,Japan,10.9,4.8,1.7,2003.0,1.0,0,0,0,0,0,0
2014.0,Indonesia,10.6,14.7,3.4,2216.0,6.0,0,0,0,0,0,0
2021.0,South Africa,7.8,12.5,2.6,2997.0,9.0,0,0,0,0,0,0
2014.0,Indonesia,15.7,14.9,1.5,2516.0,9.0,0,0,0,0,0,0
2023.0,Japan,27.7,4.7,1.1,1286.0,1.0,0,0,0,0,0,0
2010.0,China,13.3,13.5,3.5,772.0,0.0,0,0,0,0,0,0
2015.0,France,14.4,10.2,4.2,2527.0,13.0,0,0,0,0,0,0
2016.0,Australia,24.3,15.0,4.4,676.0,4.0,0,0,0,0,0,0
2003.0,UK,10.9,6.9,2.9,1142.0,11.0,0,0,0,0,0,0
2000.0,South Africa,31.9,17.9,4.1,2398.0,12.0,0,0,0,0,0,0
2007.0,Germany,20.6,2.1,3.7,1066.0,0.0,0,0,0,0,0,0
2016.0,Mexico,18.4,16.2,3.9,1165.0,0.0,0,0,0,0,0,0
2002.0,Canada,21.7,17.3,3.0,1831.0,14.0,0,0,0,0,0,0
2019.0,China,10.0,16.4,3.5,2298.0,0.0,0,0,0,0,0,0
2014.0,South Africa,23.4,10.5,4.2,1569.0,5.0,0,0,0,0,0,0
2014.0,Indonesia,15.9,9.0,2.6,2849.0,8.0,0,0,0,0,0,0
2023.0,France,31.9,19.9,4.2,907.0,9.0,0,0,0,0,0,0
2021.0,Japan,10.1,5.0,3.4,1712.0,12.0,0,0,0,0,0,0
2013.0,Brazil,20.2,11.2,1.7,2353.0,10.0,0,0,0,0,0,0
2022.0,UK,22.9,13.6,1.1,1652.0,11.0,0,0,0,0,0,0
2013.0,Canada,6.0,14.2,2.5,1641.0,0.0,0,0,0,0,0,0
2023.0,France,15.9,4.5,3.2,643.0,4.0,0,0,0,0,0,0
2001.0,France,27.0,13.3,4.4,2989.0,14.0,0,0,0,0,0,0
2012.0,South Africa,29.6,16.5,1.5,986.0,8.0,0,0,0,0,0,0
2013.0,China,14.4,1.5,4.2,1359.0,13.0,0,0,0,0,0,0
2023.0,Argentina,29.0,18.3,4.5,2435.0,8.0,0,0,0,0,0,0
2018.0,Canada,34.0,1.1,1.6,647.0,0.0,0,0,0,0,0,0
2006.0,UK,30.7,7.4,4.4,1859.0,7.0,0,0,0,0,0,0
2002.0,India,8.5,0.8,5.0,1857.0,0.0,0,0,0,0,0,0
2014.0,Australia,27.2,2.0,3.9,589.0,14.0,0,0,0,0,0,0
2022.0,India,14.6,18.3,4.1,1857.0,7.0,0,0,0,0,0,0
2013.0,Argentina,34.7,7.4,5.0,698.0,0.0,0,0,0,0,0,0
2010.0,Indonesia,19.6,8.8,3.4,1037.0,11.0,0,0,0,0,0,0
2014.0,Indonesia,8.7,4.7,2.2,800.0,4.0,0,0,0,0,0,0
2012.0,Mexico,26.8,12.1,4.4,1223.0,7.0,0,0,0,0,0,0
2017.0,Canada,14.7,12.1,3.5,2098.0,5.0,0,0,0,0,0,0
2005.0,India,34.9,7.8,3.3,1959.0,8.0,0,0,0,0,0,0
2002.0,Indonesia,34.4,7.0,2.0,567.0,0.0,0,0,0,0,0,0
2018.0,Argentina,24.7,17.8,4.0,2037.0,8.0,0,0,0,0,0,0
2014.0,South Africa,8.9,8.0,1.3,897.0,0.0,0,0,0,0,0,0
2022.0,USA,25.6,10.1,4.7,1119.0,9.0,0,0,0,0,0,0
2004.0,Japan,7.8,6.0,2.3,2084.0,9.0,0,0,0,0,0,0
2009.0,USA,5.9,15.8,1.5,1663.0,2.0,0,0,0,0,0,0
2006.0,Russia,29.7,8.3,2.8,1229.0,0.0,0,0,0,0,0,0
2016.0,UK,11.3,10.5,1.2,1055.0,2.0,0,0,0,0,0,0
2006.0,India,16.4,5.4,3.7,2452.0,11.0,0,0,0,0,0,0
2021.0,Mexico,34.2,19.8,4.6,2251.0,10.0,0,0,0,0,0,0
2011.0,Russia,15.1,6.2,4.3,2829.0,12.0,0,0,0,0,0,0
2016.0,Indonesia,13.9,15.5,1.5,1495.0,1.0,0,0,0,0,0,0
2012.0,Brazil,32.5,8.8,1.5,2459.0,1.0,0,0,0,0,0,0
2019.0,Germany,8.3,4.5,4.3,2101.0,8.0,0,0,0,0,0,0
2003.0,Brazil,27.8,16.1,4.7,1980.0,7.0,0,0,0,0,0,0
2009.0,Argentina,34.6,7.0,2.8,2634.0,0.0,0,0,0,0,0,0
2002.0,Canada,32.0,17.4,3.0,1602.0,11.0,0,0,0,0,0,0
2008.0,France,24.6,18.3,2.3,2851.0,13.0,0,0,0,0,0,0
2012.0,Japan,14.4,17.3,4.6,1903.0,3.0,0,0,0,0,0,0
2017.0,India,12.6,1.2,3.6,2677.0,12.0,0,0,0,0,0,0
2014.0,UK,29.6,15.9,2.2,1799.0,0.0,0,0,0,0,0,0
2003.0,Mexico,31.4,8.5,2.2,2222.0,0.0,0,0,0,0,0,0
2014.0,Mexico,20.8,17.5,4.6,1398.0,11.0,0,0,0,0,0,0
2021.0,UK,12.3,12.9,1.1,1706.0,11.0,0,0,0,0,0,0
2001.0,Argentina,8.4,16.8,2.3,2035.0,3.0,0,0,0,0,0,0
2014.0,China,7.6,10.2,3.2,577.0,1.0,0,0,0,0,0,0
2007.0,Indonesia,26.6,10.9,1.6,2032.0,2.0,0,0,0,0,0,0
2007.0,Germany,17.6,3.3,1.4,737.0,10.0,0,0,0,0,0,0
2016.0,Australia,32.2,15.8,4.3,1657.0,8.0,0,0,0,0,0,0
2011.0,Australia,27.2,8.7,4.6,2496.0,1.0,0,0,0,0,0,0
2018.0,Australia,10.7,10.3,4.3,1715.0,3.0,0,0,0,0,0,0
2009.0,India,23.4,15.8,4.6,777.0,0.0,0,0,0,0,0,0
2008.0,Australia,18.1,12.2,3.2,1023.0,1.0,0,0,0,0,0,0
2004.0,South Africa,22.3,4.4,4.2,679.0,4.0,0,0,0,0,0,0
2005.0,USA,27.1,12.0,2.5,622.0,13.0,0,0,0,0,0,0
2019.0,Mexico,29.2,8.4,3.7,1769.0,9.0,0,0,0,0,0,0
2001.0,Germany,30.3,9.7,5.0,2257.0,14.0,0,0,0,0,0,0
2023.0,USA,12.6,1.1,1.9,1594.0,0.0,0,0,0,0,0,0
2012.0,France,5.9,4.6,2.6,979.0,10.0,0,0,0,0,0,0
2005.0,Germany,27.2,6.0,2.9,2297.0,6.0,0,0,0,0,0,0
2004.0,USA,8.2,14.4,1.6,2631.0,3.0,0,0,0,0,0,0
2000.0,Germany,14.4,0.7,1.3,2904.0,5.0,0,0,0,0,0,0
2020.0,France,5.1,8.5,4.3,1315.0,7.0,0,0,0,0,0,0
2021.0,Russia,25.5,18.5,4.9,942.0,12.0,0,0,0,0,0,0
2020.0,South Africa,10.0,2.7,2.6,642.0,5.0,0,0,0,0,0,0
2005.0,India,24.7,10.6,1.4,691.0,13.0,0,0,0,0,0,0
2005.0,India,34.8,15.8,1.3,1910.0,1.0,0,0,0,0,0,0
2022.0,Argentina,7.2,18.9,4.6,877.0,0.0,0,0,0,0,0,0
2015.0,UK,7.3,15.1,2.9,1034.0,7.0,0,0,0,0,0,0
2003.0,Indonesia,15.2,14.6,2.3,2216.0,7.0,0,0,0,0,0,0
2010.0,Mexico,31.0,16.6,2.9,1532.0,8.0,0,0,0,0,0,0
2023.0,Australia,11.5,9.2,2.3,1910.0,5.0,0,0,0,0,0,0
2022.0,South Africa,15.8,16.2,3.0,2640.0,11.0,0,0,0,0,0,0
2008.0,Brazil,7.1,0.7,4.4,2489.0,0.0,0,0,0,0,0,0
2022.0,Australia,27.9,18.5,3.4,1677.0,13.0,0,0,0,0,0,0
2002.0,Indonesia,17.2,9.1,3.8,904.0,8.0,0,0,0,0,0,0
2018.0,Mexico,27.8,11.3,2.5,1672.0,11.0,0,0,0,0,0,0
2007.0,Canada,32.1,5.5,4.0,1388.0,12.0,0,0,0,0,0,0
2004.0,Indonesia,12.0,15.0,3.7,921.0,14.0,0,0,0,0,0,0
2003.0,South Africa,29.2,2.0,1.5,2141.0,13.0,0,0,0,0,0,0
2023.0,USA,6.8,17.5,3.3,971.0,2.0,0,0,0,0,0,0
2005.0,Germany,32.0,16.6,2.0,1046.0,10.0,0,0,0,0,0,0
2001.0,UK,24.5,4.7,4.2,1130.0,5.0,0,0,0,0,0,0
2019.0,UK,31.2,16.3,2.7,1537.0,9.0,0,0,0,0,0,0
2010.0,Brazil,5.0,15.8,5.0,2329.0,12.0,0,0,0,0,0,0
2003.0,South Africa,10.1,12.8,1.4,863.0,9.0,0,0,0,0,0,0
2014.0,France,16.7,7.8,4.1,2666.0,14.0,0,0,0,0,0,0
2005.0,Canada,16.4,5.8,3.7,1045.0,10.0,0,0,0,0,0,0
2021.0,France,11.8,5.0,4.1,1133.0,11.0,0,0,0,0,0,0
2016.0,India,16.4,6.7,2.2,2436.0,13.0,0,0,0,0,0,0
2023.0,Argentina,8.9,18.1,3.0,2180.0,14.0,0,0,0,0,0,0
2005.0,India,17.4,2.0,4.2,1462.0,8.0,0,0,0,0,0,0
2018.0,Indonesia,29.1,16.7,1.9,1382.0,10.0,0,0,0,0,0,0
2001.0,Australia,19.4,7.3,1.9,1370.0,12.0,0,0,0,0,0,0
2014.0,USA,5.5,10.7,3.2,1015.0,2.0,0,0,0,0,0,0
2010.0,Brazil,17.6,16.0,3.1,1920.0,4.0,0,0,0,0,0,0
2007.0,Indonesia,5.8,17.7,2.1,1365.0,12.0,0,0,0,0,0,0
2018.0,Japan,34.0,7.2,2.2,2653.0,13.0,0,0,0,0,0,0
2012.0,Canada,8.8,9.5,2.1,1608.0,4.0,0,0,0,0,0,0
2011.0,UK,26.2,8.6,4.1,713.0,9.0,0,0,0,0,0,0
2004.0,Canada,34.2,0.8,3.6,2744.0,6.0,0,0,0,0,0,0
2005.0,Indonesia,29.8,6.3,4.3,518.0,3.0,0,0,0,0,0,0
2021.0,Indonesia,26.0,9.5,4.9,1141.0,10.0,0,0,0,0,0,0
2003.0,South Africa,30.2,8.5,2.9,1604.0,3.0,0,0,0,0,0,0
2018.0,Australia,34.5,14.6,1.3,829.0,6.0,0,0,0,0,0,0
2019.0,India,23.6,8.0,1.2,1365.0,8.0,0,0,0,0,0,0
2000.0,UK,21.8,10.0,2.2,1273.0,14.0,0,0,0,0,0,0
2019.0,Argentina,23.8,8.9,4.7,891.0,10.0,0,0,0,0,0,0
2016.0,Australia,21.0,14.9,3.1,1136.0,3.0,0,0,0,0,0,0
2011.0,Germany,24.1,17.3,2.1,2854.0,3.0,0,0,0,0,0,0
